sample_group_id,sample_id,direction,direction_display,condition,condition_display,expected_accent,audio,audio_url,duration_sec,sample_rate_hz,channels,sha256,source_id,utterance_id
ame2bri_S01,S01,ame2bri,American to British,original,Original,american,audio/ame2bri/S01__original.wav,https://anonymousis23.github.io/UserStudy/PHONOS-TASLP26/accent_new/audio/ame2bri/S01__original.wav,5.695,16000,1,eb6831413282d3c2c4f50ae84833715e4cfc26032fd81ebd00688191958ae66a,AME005,7176-88083-0000
ame2bri_S01,S01,ame2bri,American to British,phonos,PHONOS,british,audio/ame2bri/S01__phonos.wav,https://anonymousis23.github.io/UserStudy/PHONOS-TASLP26/accent_new/audio/ame2bri/S01__phonos.wav,5.7,16000,1,3b5337872738e10b211e76b00fcfd7cc41f4bd1432c3fa050adf333362ea9a59,AME005,7176-88083-0000
ame2bri_S01,S01,ame2bri,American to British,seedvc,SeedVC,british,audio/ame2bri/S01__seedvc.wav,https://anonymousis23.github.io/UserStudy/PHONOS-TASLP26/accent_new/audio/ame2bri/S01__seedvc.wav,5.584399092970521,22050,1,0506968d9efc4f44c01704366b9ca5d42b0f977a262be0c1aeee6c49809ab1f3,AME005,7176-88083-0000
ame2bri_S01,S01,ame2bri,American to British,tvtsyn_reconstruction,TVTSyn Reconstruction,american,audio/ame2bri/S01__tvtsyn_reconstruction.wav,https://anonymousis23.github.io/UserStudy/PHONOS-TASLP26/accent_new/audio/ame2bri/S01__tvtsyn_reconstruction.wav,5.7,16000,1,e22e5c9cc8b8a9b917d01bb8a343dfe52c8ae360486d8b42aef7d8db3c878527,AME005,7176-88083-0000
ame2bri_S02,S02,ame2bri,American to British,original,Original,american,audio/ame2bri/S02__original.wav,https://anonymousis23.github.io/UserStudy/PHONOS-TASLP26/accent_new/audio/ame2bri/S02__original.wav,7.57,16000,1,3db84d0a4ec5d40045f540776ea190f60b05e6ba6e1e120945855d3f4cd22b3b,AME003,652-130737-0002
ame2bri_S02,S02,ame2bri,American to British,phonos,PHONOS,british,audio/ame2bri/S02__phonos.wav,https://anonymousis23.github.io/UserStudy/PHONOS-TASLP26/accent_new/audio/ame2bri/S02__phonos.wav,7.58,16000,1,36cdc00b9ec456fbecd9a33aecdf52a7e8261b00834ea3a181544c431349ff99,AME003,652-130737-0002
ame2bri_S02,S02,ame2bri,American to British,seedvc,SeedVC,british,audio/ame2bri/S02__seedvc.wav,https://anonymousis23.github.io/UserStudy/PHONOS-TASLP26/accent_new/audio/ame2bri/S02__seedvc.wav,7.569705215419501,22050,1,d4ddc8e273f105f7586bddb41d6ae7298978f70a9b17e0925de0be00f81aabb4,AME003,652-130737-0002
ame2bri_S02,S02,ame2bri,American to British,tvtsyn_reconstruction,TVTSyn Reconstruction,american,audio/ame2bri/S02__tvtsyn_reconstruction.wav,https://anonymousis23.github.io/UserStudy/PHONOS-TASLP26/accent_new/audio/ame2bri/S02__tvtsyn_reconstruction.wav,7.58,16000,1,6355f9f6b30468c508607743a450236dcb6ac0e67513417c3543147c3a9dac97,AME003,652-130737-0002
ame2bri_S03,S03,ame2bri,American to British,original,Original,american,audio/ame2bri/S03__original.wav,https://anonymousis23.github.io/UserStudy/PHONOS-TASLP26/accent_new/audio/ame2bri/S03__original.wav,6.585,16000,1,7ba57c7f53560bacc99ae3cf19fcfefac8825f083b68464143a3acd09717fb60,AME008,5694-64029-0007
ame2bri_S03,S03,ame2bri,American to British,phonos,PHONOS,british,audio/ame2bri/S03__phonos.wav,https://anonymousis23.github.io/UserStudy/PHONOS-TASLP26/accent_new/audio/ame2bri/S03__phonos.wav,6.6,16000,1,75df48aa5ceb70abbd56711a0ca69204a1c24aa9ba6202e6d283febce7a43c18,AME008,5694-64029-0007
ame2bri_S03,S03,ame2bri,American to British,seedvc,SeedVC,british,audio/ame2bri/S03__seedvc.wav,https://anonymousis23.github.io/UserStudy/PHONOS-TASLP26/accent_new/audio/ame2bri/S03__seedvc.wav,6.6525170068027215,22050,1,eefe92d19b38a05d3701cfda119847d40c4ab858a2dea61d306b1cdeda810160,AME008,5694-64029-0007
ame2bri_S03,S03,ame2bri,American to British,tvtsyn_reconstruction,TVTSyn Reconstruction,american,audio/ame2bri/S03__tvtsyn_reconstruction.wav,https://anonymousis23.github.io/UserStudy/PHONOS-TASLP26/accent_new/audio/ame2bri/S03__tvtsyn_reconstruction.wav,6.6,16000,1,bdc6567091591ca7e8b4e17896c1880c48b71d217e79f5c72c0452b38d20830f,AME008,5694-64029-0007
ame2bri_S04,S04,ame2bri,American to British,original,Original,american,audio/ame2bri/S04__original.wav,https://anonymousis23.github.io/UserStudy/PHONOS-TASLP26/accent_new/audio/ame2bri/S04__original.wav,6.635,16000,1,4a2ddfdfd71a7d3acbb0e520a9d5c6f0f55bc6bff814ffe147ae9175a98fb625,AME009,1272-141231-0026
ame2bri_S04,S04,ame2bri,American to British,phonos,PHONOS,british,audio/ame2bri/S04__phonos.wav,https://anonymousis23.github.io/UserStudy/PHONOS-TASLP26/accent_new/audio/ame2bri/S04__phonos.wav,6.64,16000,1,e673d8ae85af5d4a304f07c5ad2090217c34a6ca051bc197db9cf85f574368eb,AME009,1272-141231-0026
ame2bri_S04,S04,ame2bri,American to British,seedvc,SeedVC,british,audio/ame2bri/S04__seedvc.wav,https://anonymousis23.github.io/UserStudy/PHONOS-TASLP26/accent_new/audio/ame2bri/S04__seedvc.wav,6.466757369614513,22050,1,44f55a03203cb852def462862f2983792f9f1c43a7b592437e998e754793f4ca,AME009,1272-141231-0026
ame2bri_S04,S04,ame2bri,American to British,tvtsyn_reconstruction,TVTSyn Reconstruction,american,audio/ame2bri/S04__tvtsyn_reconstruction.wav,https://anonymousis23.github.io/UserStudy/PHONOS-TASLP26/accent_new/audio/ame2bri/S04__tvtsyn_reconstruction.wav,6.64,16000,1,4abaa31bbaef684e9f4113fd49081b071f6176442261c7d505592f42fc9266d6,AME009,1272-141231-0026
ame2bri_S05,S05,ame2bri,American to British,original,Original,american,audio/ame2bri/S05__original.wav,https://anonymousis23.github.io/UserStudy/PHONOS-TASLP26/accent_new/audio/ame2bri/S05__original.wav,8.93,16000,1,bf8183741a4e62deb5888a92dd43e8253ec311d0d1ae61506179988e82ae6a25,AME007,7729-102255-0019
ame2bri_S05,S05,ame2bri,American to British,phonos,PHONOS,british,audio/ame2bri/S05__phonos.wav,https://anonymousis23.github.io/UserStudy/PHONOS-TASLP26/accent_new/audio/ame2bri/S05__phonos.wav,8.94,16000,1,8cbe86d7d489e06a60a3a27d66b8da2bcd5c80359afedc48b31995307455964e,AME007,7729-102255-0019
ame2bri_S05,S05,ame2bri,American to British,seedvc,SeedVC,british,audio/ame2bri/S05__seedvc.wav,https://anonymousis23.github.io/UserStudy/PHONOS-TASLP26/accent_new/audio/ame2bri/S05__seedvc.wav,8.544943310657596,22050,1,8ab5568fa4e994e876d3df060f3637abe86e1b91d7789d2d6e55785c2909bd93,AME007,7729-102255-0019
ame2bri_S05,S05,ame2bri,American to British,tvtsyn_reconstruction,TVTSyn Reconstruction,american,audio/ame2bri/S05__tvtsyn_reconstruction.wav,https://anonymousis23.github.io/UserStudy/PHONOS-TASLP26/accent_new/audio/ame2bri/S05__tvtsyn_reconstruction.wav,8.94,16000,1,77cef0925b6a54f838f68e5e0ee0cfa627a6913f264069f54fd9aeb4d235f727,AME007,7729-102255-0019
ame2bri_S06,S06,ame2bri,American to British,original,Original,american,audio/ame2bri/S06__original.wav,https://anonymousis23.github.io/UserStudy/PHONOS-TASLP26/accent_new/audio/ame2bri/S06__original.wav,6.61,16000,1,08844bfb979ce8240f332032a4b86bed89703dcdb0379087e9747db278eb60dd,AME012,1089-134686-0025
ame2bri_S06,S06,ame2bri,American to British,phonos,PHONOS,british,audio/ame2bri/S06__phonos.wav,https://anonymousis23.github.io/UserStudy/PHONOS-TASLP26/accent_new/audio/ame2bri/S06__phonos.wav,6.62,16000,1,5e64660be9edfc424f711515719ff7529a7e556c28443be2d3a1bff0e028a607,AME012,1089-134686-0025
ame2bri_S06,S06,ame2bri,American to British,seedvc,SeedVC,british,audio/ame2bri/S06__seedvc.wav,https://anonymousis23.github.io/UserStudy/PHONOS-TASLP26/accent_new/audio/ame2bri/S06__seedvc.wav,6.896326530612245,22050,1,e48ed799fdee0f976eb2b5c7d78f9077a27267de2890df59814e36263f283c96,AME012,1089-134686-0025
ame2bri_S06,S06,ame2bri,American to British,tvtsyn_reconstruction,TVTSyn Reconstruction,american,audio/ame2bri/S06__tvtsyn_reconstruction.wav,https://anonymousis23.github.io/UserStudy/PHONOS-TASLP26/accent_new/audio/ame2bri/S06__tvtsyn_reconstruction.wav,6.62,16000,1,0e05b346ea041d154beb4af86d24d12a56c9280ed5671225b9b223a7bf76202d,AME012,1089-134686-0025
ame2bri_S07,S07,ame2bri,American to British,original,Original,american,audio/ame2bri/S07__original.wav,https://anonymousis23.github.io/UserStudy/PHONOS-TASLP26/accent_new/audio/ame2bri/S07__original.wav,6.285,16000,1,8e77c3802c363ee0d0acbbb5f579396b028d31edee1e06162abb800140425fa0,AME014,1284-1180-0009
ame2bri_S07,S07,ame2bri,American to British,phonos,PHONOS,british,audio/ame2bri/S07__phonos.wav,https://anonymousis23.github.io/UserStudy/PHONOS-TASLP26/accent_new/audio/ame2bri/S07__phonos.wav,6.3,16000,1,25f69e047d04145028e1d1d56e5720fc1eea98b909ef60a4fb8b4353a8f72b33,AME014,1284-1180-0009
ame2bri_S07,S07,ame2bri,American to British,seedvc,SeedVC,british,audio/ame2bri/S07__seedvc.wav,https://anonymousis23.github.io/UserStudy/PHONOS-TASLP26/accent_new/audio/ame2bri/S07__seedvc.wav,6.15328798185941,22050,1,42346e1de42ebe59e74ea7f389658ac654d0d911b5429621ba602461faa7df10,AME014,1284-1180-0009
ame2bri_S07,S07,ame2bri,American to British,tvtsyn_reconstruction,TVTSyn Reconstruction,american,audio/ame2bri/S07__tvtsyn_reconstruction.wav,https://anonymousis23.github.io/UserStudy/PHONOS-TASLP26/accent_new/audio/ame2bri/S07__tvtsyn_reconstruction.wav,6.3,16000,1,29eaa25608ad22b54ed2d25073f17f33fe4d618b92c8a95bb3b890f324b01316,AME014,1284-1180-0009
ame2bri_S08,S08,ame2bri,American to British,original,Original,american,audio/ame2bri/S08__original.wav,https://anonymousis23.github.io/UserStudy/PHONOS-TASLP26/accent_new/audio/ame2bri/S08__original.wav,8.23,16000,1,b32d2f28c39ad5e98d4b1ed30b4d06e1a03de5ee0e08f61bbe988868a123d173,AME027,1320-122617-0019
ame2bri_S08,S08,ame2bri,American to British,phonos,PHONOS,british,audio/ame2bri/S08__phonos.wav,https://anonymousis23.github.io/UserStudy/PHONOS-TASLP26/accent_new/audio/ame2bri/S08__phonos.wav,8.24,16000,1,8381ba021a68e06de96fb78d3f0be92b4cd312789e2a6069f96cf768f8271d26,AME027,1320-122617-0019
ame2bri_S08,S08,ame2bri,American to British,seedvc,SeedVC,british,audio/ame2bri/S08__seedvc.wav,https://anonymousis23.github.io/UserStudy/PHONOS-TASLP26/accent_new/audio/ame2bri/S08__seedvc.wav,8.092154195011338,22050,1,85d01dfc077c58a9bf3be5be29a2f0ed9a35de9ce2844eede84a7cd8e2fc45bd,AME027,1320-122617-0019
ame2bri_S08,S08,ame2bri,American to British,tvtsyn_reconstruction,TVTSyn Reconstruction,american,audio/ame2bri/S08__tvtsyn_reconstruction.wav,https://anonymousis23.github.io/UserStudy/PHONOS-TASLP26/accent_new/audio/ame2bri/S08__tvtsyn_reconstruction.wav,8.24,16000,1,378ec479c6322a5207e311e42ab09d3cd34aa89605a71969231900be65d3dac6,AME027,1320-122617-0019
ame2bri_S09,S09,ame2bri,American to British,original,Original,american,audio/ame2bri/S09__original.wav,https://anonymousis23.github.io/UserStudy/PHONOS-TASLP26/accent_new/audio/ame2bri/S09__original.wav,8.7,16000,1,c1335f186faf81f3f2b582175cd773e510f2bbdf52f2f68d631e71232305c102,AME029,2086-149220-0017
ame2bri_S09,S09,ame2bri,American to British,phonos,PHONOS,british,audio/ame2bri/S09__phonos.wav,https://anonymousis23.github.io/UserStudy/PHONOS-TASLP26/accent_new/audio/ame2bri/S09__phonos.wav,8.7,16000,1,d779c353fe20af59b9ed0c9d4499ece2d5c893840a0250e677330f226eeca28d,AME029,2086-149220-0017
ame2bri_S09,S09,ame2bri,American to British,seedvc,SeedVC,british,audio/ame2bri/S09__seedvc.wav,https://anonymousis23.github.io/UserStudy/PHONOS-TASLP26/accent_new/audio/ame2bri/S09__seedvc.wav,8.835192743764173,22050,1,824f3f76e00be3f0e505e9f0d53fb4c3faa77f717ed5c0487e858a43c8678f78,AME029,2086-149220-0017
ame2bri_S09,S09,ame2bri,American to British,tvtsyn_reconstruction,TVTSyn Reconstruction,american,audio/ame2bri/S09__tvtsyn_reconstruction.wav,https://anonymousis23.github.io/UserStudy/PHONOS-TASLP26/accent_new/audio/ame2bri/S09__tvtsyn_reconstruction.wav,8.7,16000,1,005ed03d7b3f139392ab5a07a7c36c26be8a563d601154326fdcfbc6b3dff19b,AME029,2086-149220-0017
ame2bri_S10,S10,ame2bri,American to British,original,Original,american,audio/ame2bri/S10__original.wav,https://anonymousis23.github.io/UserStudy/PHONOS-TASLP26/accent_new/audio/ame2bri/S10__original.wav,7.75,16000,1,7c482935e9727bbe51038292cebeec8a799217e0f3655b335401d8f25bbc3a2d,AME035,5338-284437-0031
ame2bri_S10,S10,ame2bri,American to British,phonos,PHONOS,british,audio/ame2bri/S10__phonos.wav,https://anonymousis23.github.io/UserStudy/PHONOS-TASLP26/accent_new/audio/ame2bri/S10__phonos.wav,7.76,16000,1,cab76493b261f51dd6fe4fe08dfc233bd456312f198849bc83c3ac693df2afb2,AME035,5338-284437-0031
ame2bri_S10,S10,ame2bri,American to British,seedvc,SeedVC,british,audio/ame2bri/S10__seedvc.wav,https://anonymousis23.github.io/UserStudy/PHONOS-TASLP26/accent_new/audio/ame2bri/S10__seedvc.wav,7.174965986394557,22050,1,c91e9dfcefc20b0e7cda649b403db3dce8c2b89028bdb23b6e28d405e2b2c898,AME035,5338-284437-0031
ame2bri_S10,S10,ame2bri,American to British,tvtsyn_reconstruction,TVTSyn Reconstruction,american,audio/ame2bri/S10__tvtsyn_reconstruction.wav,https://anonymousis23.github.io/UserStudy/PHONOS-TASLP26/accent_new/audio/ame2bri/S10__tvtsyn_reconstruction.wav,7.76,16000,1,2291d40dbd7934ce73497a74bf1d5f5a8cc8711bb9779d2f4067a26c59d3e4ac,AME035,5338-284437-0031
ame2ind_S01,S01,ame2ind,American to Indian,original,Original,american,audio/ame2ind/S01__original.wav,https://anonymousis23.github.io/UserStudy/PHONOS-TASLP26/accent_new/audio/ame2ind/S01__original.wav,5.31,16000,1,1c2c3eb9675d312c8c2918c2ee9e191a01f42c767cd9fb141bc868aa8fe86b3f,AME001,251-118436-0005
ame2ind_S01,S01,ame2ind,American to Indian,phonos,PHONOS,indian,audio/ame2ind/S01__phonos.wav,https://anonymousis23.github.io/UserStudy/PHONOS-TASLP26/accent_new/audio/ame2ind/S01__phonos.wav,5.32,16000,1,4b0f25fc5c66b30ed6b08b43a4af0f127d118aa9452308862b74840ca583d347,AME001,251-118436-0005
ame2ind_S01,S01,ame2ind,American to Indian,seedvc,SeedVC,indian,audio/ame2ind/S01__seedvc.wav,https://anonymousis23.github.io/UserStudy/PHONOS-TASLP26/accent_new/audio/ame2ind/S01__seedvc.wav,5.154829931972789,22050,1,1a7aa2c6e0f35fa434f38f5431b157e3bbbcb93001f168134455b659c699dd62,AME001,251-118436-0005
ame2ind_S01,S01,ame2ind,American to Indian,tvtsyn_reconstruction,TVTSyn Reconstruction,american,audio/ame2ind/S01__tvtsyn_reconstruction.wav,https://anonymousis23.github.io/UserStudy/PHONOS-TASLP26/accent_new/audio/ame2ind/S01__tvtsyn_reconstruction.wav,5.32,16000,1,5dfa2b6e6f86b66a8e11f2e0adf7eb9d663afc9310a46f86e4576c89625112ae,AME001,251-118436-0005
ame2ind_S02,S02,ame2ind,American to Indian,original,Original,american,audio/ame2ind/S02__original.wav,https://anonymousis23.github.io/UserStudy/PHONOS-TASLP26/accent_new/audio/ame2ind/S02__original.wav,6.585,16000,1,7ba57c7f53560bacc99ae3cf19fcfefac8825f083b68464143a3acd09717fb60,AME008,5694-64029-0007
ame2ind_S02,S02,ame2ind,American to Indian,phonos,PHONOS,indian,audio/ame2ind/S02__phonos.wav,https://anonymousis23.github.io/UserStudy/PHONOS-TASLP26/accent_new/audio/ame2ind/S02__phonos.wav,6.6,16000,1,38ab2f3ae762d38cfc3f0db817a41241d562c9a2728237d51ef8dec52c9f4e29,AME008,5694-64029-0007
ame2ind_S02,S02,ame2ind,American to Indian,seedvc,SeedVC,indian,audio/ame2ind/S02__seedvc.wav,https://anonymousis23.github.io/UserStudy/PHONOS-TASLP26/accent_new/audio/ame2ind/S02__seedvc.wav,7.082086167800454,22050,1,7e7a40e7c6484aa9edca24516ee8e76033ab6ab17794603de39d46ad39904c76,AME008,5694-64029-0007
ame2ind_S02,S02,ame2ind,American to Indian,tvtsyn_reconstruction,TVTSyn Reconstruction,american,audio/ame2ind/S02__tvtsyn_reconstruction.wav,https://anonymousis23.github.io/UserStudy/PHONOS-TASLP26/accent_new/audio/ame2ind/S02__tvtsyn_reconstruction.wav,6.6,16000,1,bdc6567091591ca7e8b4e17896c1880c48b71d217e79f5c72c0452b38d20830f,AME008,5694-64029-0007
ame2ind_S03,S03,ame2ind,American to Indian,original,Original,american,audio/ame2ind/S03__original.wav,https://anonymousis23.github.io/UserStudy/PHONOS-TASLP26/accent_new/audio/ame2ind/S03__original.wav,6.635,16000,1,4a2ddfdfd71a7d3acbb0e520a9d5c6f0f55bc6bff814ffe147ae9175a98fb625,AME009,1272-141231-0026
ame2ind_S03,S03,ame2ind,American to Indian,phonos,PHONOS,indian,audio/ame2ind/S03__phonos.wav,https://anonymousis23.github.io/UserStudy/PHONOS-TASLP26/accent_new/audio/ame2ind/S03__phonos.wav,6.64,16000,1,839885f361991ca14836c47aaa678ac88ba7fedd97df44c902ec273bcbd3ad98,AME009,1272-141231-0026
ame2ind_S03,S03,ame2ind,American to Indian,seedvc,SeedVC,indian,audio/ame2ind/S03__seedvc.wav,https://anonymousis23.github.io/UserStudy/PHONOS-TASLP26/accent_new/audio/ame2ind/S03__seedvc.wav,6.582857142857143,22050,1,bf6d9903107e401c28df0a930c9fc0e3604b980fc4972dc62a56219f87885966,AME009,1272-141231-0026
ame2ind_S03,S03,ame2ind,American to Indian,tvtsyn_reconstruction,TVTSyn Reconstruction,american,audio/ame2ind/S03__tvtsyn_reconstruction.wav,https://anonymousis23.github.io/UserStudy/PHONOS-TASLP26/accent_new/audio/ame2ind/S03__tvtsyn_reconstruction.wav,6.64,16000,1,4abaa31bbaef684e9f4113fd49081b071f6176442261c7d505592f42fc9266d6,AME009,1272-141231-0026
ame2ind_S04,S04,ame2ind,American to Indian,original,Original,american,audio/ame2ind/S04__original.wav,https://anonymousis23.github.io/UserStudy/PHONOS-TASLP26/accent_new/audio/ame2ind/S04__original.wav,6.61,16000,1,08844bfb979ce8240f332032a4b86bed89703dcdb0379087e9747db278eb60dd,AME012,1089-134686-0025
ame2ind_S04,S04,ame2ind,American to Indian,phonos,PHONOS,indian,audio/ame2ind/S04__phonos.wav,https://anonymousis23.github.io/UserStudy/PHONOS-TASLP26/accent_new/audio/ame2ind/S04__phonos.wav,6.62,16000,1,49b4c5eb94c209df7a6a35d8c705ae3e37d7a5280e8d0a8e89904102d7bd5689,AME012,1089-134686-0025
ame2ind_S04,S04,ame2ind,American to Indian,seedvc,SeedVC,indian,audio/ame2ind/S04__seedvc.wav,https://anonymousis23.github.io/UserStudy/PHONOS-TASLP26/accent_new/audio/ame2ind/S04__seedvc.wav,7.198185941043084,22050,1,9c73e78c0c8c1d301f127e860e31ffb062f9f6c478fd3336d8c162c24e050168,AME012,1089-134686-0025
ame2ind_S04,S04,ame2ind,American to Indian,tvtsyn_reconstruction,TVTSyn Reconstruction,american,audio/ame2ind/S04__tvtsyn_reconstruction.wav,https://anonymousis23.github.io/UserStudy/PHONOS-TASLP26/accent_new/audio/ame2ind/S04__tvtsyn_reconstruction.wav,6.62,16000,1,0e05b346ea041d154beb4af86d24d12a56c9280ed5671225b9b223a7bf76202d,AME012,1089-134686-0025
ame2ind_S05,S05,ame2ind,American to Indian,original,Original,american,audio/ame2ind/S05__original.wav,https://anonymousis23.github.io/UserStudy/PHONOS-TASLP26/accent_new/audio/ame2ind/S05__original.wav,5.71,16000,1,4e7e2642d8f4dd4593fcafe4adc22024e6fd9ddab005f4deff0e41b1e94b665f,AME026,2428-83699-0007
ame2ind_S05,S05,ame2ind,American to Indian,phonos,PHONOS,indian,audio/ame2ind/S05__phonos.wav,https://anonymousis23.github.io/UserStudy/PHONOS-TASLP26/accent_new/audio/ame2ind/S05__phonos.wav,5.72,16000,1,859727c0b79021b2d2028280c3c3f6c6a7fcb995250ee37b48ffc789c53c88de,AME026,2428-83699-0007
ame2ind_S05,S05,ame2ind,American to Indian,seedvc,SeedVC,indian,audio/ame2ind/S05__seedvc.wav,https://anonymousis23.github.io/UserStudy/PHONOS-TASLP26/accent_new/audio/ame2ind/S05__seedvc.wav,5.410249433106576,22050,1,70cfe34386f5e916828afab74b5bdc887fcbf713a3e0ba8855811aec99faa0f8,AME026,2428-83699-0007
ame2ind_S05,S05,ame2ind,American to Indian,tvtsyn_reconstruction,TVTSyn Reconstruction,american,audio/ame2ind/S05__tvtsyn_reconstruction.wav,https://anonymousis23.github.io/UserStudy/PHONOS-TASLP26/accent_new/audio/ame2ind/S05__tvtsyn_reconstruction.wav,5.72,16000,1,c6a13b6c16a8e4271445a59e7225ff021a783b1f1fc8b0cc23b99934d08381d6,AME026,2428-83699-0007
ame2ind_S06,S06,ame2ind,American to Indian,original,Original,american,audio/ame2ind/S06__original.wav,https://anonymousis23.github.io/UserStudy/PHONOS-TASLP26/accent_new/audio/ame2ind/S06__original.wav,6.285,16000,1,8e77c3802c363ee0d0acbbb5f579396b028d31edee1e06162abb800140425fa0,AME014,1284-1180-0009
ame2ind_S06,S06,ame2ind,American to Indian,phonos,PHONOS,indian,audio/ame2ind/S06__phonos.wav,https://anonymousis23.github.io/UserStudy/PHONOS-TASLP26/accent_new/audio/ame2ind/S06__phonos.wav,6.3,16000,1,6035f383ab940792a1fa657e9a6a3f5ea6fc38d2b2558fbe8a228c99f9ae3e5e,AME014,1284-1180-0009
ame2ind_S06,S06,ame2ind,American to Indian,seedvc,SeedVC,indian,audio/ame2ind/S06__seedvc.wav,https://anonymousis23.github.io/UserStudy/PHONOS-TASLP26/accent_new/audio/ame2ind/S06__seedvc.wav,6.733786848072563,22050,1,80a5254cc265add8f4eb290e7a010f664e64d70fef18656aa8e67db9062a579f,AME014,1284-1180-0009
ame2ind_S06,S06,ame2ind,American to Indian,tvtsyn_reconstruction,TVTSyn Reconstruction,american,audio/ame2ind/S06__tvtsyn_reconstruction.wav,https://anonymousis23.github.io/UserStudy/PHONOS-TASLP26/accent_new/audio/ame2ind/S06__tvtsyn_reconstruction.wav,6.3,16000,1,29eaa25608ad22b54ed2d25073f17f33fe4d618b92c8a95bb3b890f324b01316,AME014,1284-1180-0009
ame2ind_S07,S07,ame2ind,American to Indian,original,Original,american,audio/ame2ind/S07__original.wav,https://anonymousis23.github.io/UserStudy/PHONOS-TASLP26/accent_new/audio/ame2ind/S07__original.wav,8.83,16000,1,e24c561130110cfd17b0d434747193ee2089beebaefee240c41b2dac6f25ead4,AME022,3752-4943-0000
ame2ind_S07,S07,ame2ind,American to Indian,phonos,PHONOS,indian,audio/ame2ind/S07__phonos.wav,https://anonymousis23.github.io/UserStudy/PHONOS-TASLP26/accent_new/audio/ame2ind/S07__phonos.wav,8.84,16000,1,49cc499ff6aca1fdacd02b02f6adb74239b6b219979eecd6cb0b10e9d04c2a44,AME022,3752-4943-0000
ame2ind_S07,S07,ame2ind,American to Indian,seedvc,SeedVC,indian,audio/ame2ind/S07__seedvc.wav,https://anonymousis23.github.io/UserStudy/PHONOS-TASLP26/accent_new/audio/ame2ind/S07__seedvc.wav,9.32281179138322,22050,1,dbaf2db3bcecbaf96c6ed70e60bfacfc7dea57bf43b5832c2887c73b6614fff9,AME022,3752-4943-0000
ame2ind_S07,S07,ame2ind,American to Indian,tvtsyn_reconstruction,TVTSyn Reconstruction,american,audio/ame2ind/S07__tvtsyn_reconstruction.wav,https://anonymousis23.github.io/UserStudy/PHONOS-TASLP26/accent_new/audio/ame2ind/S07__tvtsyn_reconstruction.wav,8.84,16000,1,2d17a90de29c90b991e5a37183cccd4d819d2f0e64b3adeed659677ad20bdbb4,AME022,3752-4943-0000
ame2ind_S08,S08,ame2ind,American to Indian,original,Original,american,audio/ame2ind/S08__original.wav,https://anonymousis23.github.io/UserStudy/PHONOS-TASLP26/accent_new/audio/ame2ind/S08__original.wav,8.23,16000,1,b32d2f28c39ad5e98d4b1ed30b4d06e1a03de5ee0e08f61bbe988868a123d173,AME027,1320-122617-0019
ame2ind_S08,S08,ame2ind,American to Indian,phonos,PHONOS,indian,audio/ame2ind/S08__phonos.wav,https://anonymousis23.github.io/UserStudy/PHONOS-TASLP26/accent_new/audio/ame2ind/S08__phonos.wav,8.24,16000,1,34eef5045fcb90a94c1c582eb55d4a0c69672e911d679c4d01102b805f6b4d2e,AME027,1320-122617-0019
ame2ind_S08,S08,ame2ind,American to Indian,seedvc,SeedVC,indian,audio/ame2ind/S08__seedvc.wav,https://anonymousis23.github.io/UserStudy/PHONOS-TASLP26/accent_new/audio/ame2ind/S08__seedvc.wav,8.289523809523809,22050,1,5d4ef6e69ea7bd25af0f5f5f8ad8dc4eca96379c6ff5af7aa5160864038a4e59,AME027,1320-122617-0019
ame2ind_S08,S08,ame2ind,American to Indian,tvtsyn_reconstruction,TVTSyn Reconstruction,american,audio/ame2ind/S08__tvtsyn_reconstruction.wav,https://anonymousis23.github.io/UserStudy/PHONOS-TASLP26/accent_new/audio/ame2ind/S08__tvtsyn_reconstruction.wav,8.24,16000,1,378ec479c6322a5207e311e42ab09d3cd34aa89605a71969231900be65d3dac6,AME027,1320-122617-0019
ame2ind_S09,S09,ame2ind,American to Indian,original,Original,american,audio/ame2ind/S09__original.wav,https://anonymousis23.github.io/UserStudy/PHONOS-TASLP26/accent_new/audio/ame2ind/S09__original.wav,9.03,16000,1,2e0aeeb22538f04e3c5c89317fc9b7392c62ffda494d54f6e507f654f284a1bf,AME028,7021-85628-0023
ame2ind_S09,S09,ame2ind,American to Indian,phonos,PHONOS,indian,audio/ame2ind/S09__phonos.wav,https://anonymousis23.github.io/UserStudy/PHONOS-TASLP26/accent_new/audio/ame2ind/S09__phonos.wav,9.04,16000,1,69f7293f3bef5bf65f5219afd2f3f744bf810a7f220cca034922d9563cb2aeba,AME028,7021-85628-0023
ame2ind_S09,S09,ame2ind,American to Indian,seedvc,SeedVC,indian,audio/ame2ind/S09__seedvc.wav,https://anonymousis23.github.io/UserStudy/PHONOS-TASLP26/accent_new/audio/ame2ind/S09__seedvc.wav,9.636281179138322,22050,1,b3db5a9aad440043304be64208749c00ba97d6a4c85302aa59bb69c284538cc2,AME028,7021-85628-0023
ame2ind_S09,S09,ame2ind,American to Indian,tvtsyn_reconstruction,TVTSyn Reconstruction,american,audio/ame2ind/S09__tvtsyn_reconstruction.wav,https://anonymousis23.github.io/UserStudy/PHONOS-TASLP26/accent_new/audio/ame2ind/S09__tvtsyn_reconstruction.wav,9.04,16000,1,74c38e3151275d063af982ef4d3f960aea672a36386117bff0ca5eb4884feb15,AME028,7021-85628-0023
ame2ind_S10,S10,ame2ind,American to Indian,original,Original,american,audio/ame2ind/S10__original.wav,https://anonymousis23.github.io/UserStudy/PHONOS-TASLP26/accent_new/audio/ame2ind/S10__original.wav,8.405,16000,1,4547f95dbea689491f6875d6bea3b03c67b5c1526286019f7dd56c4d1f2155ff,AME036,5683-32879-0014
ame2ind_S10,S10,ame2ind,American to Indian,phonos,PHONOS,indian,audio/ame2ind/S10__phonos.wav,https://anonymousis23.github.io/UserStudy/PHONOS-TASLP26/accent_new/audio/ame2ind/S10__phonos.wav,8.42,16000,1,fcbaf273e849796c1ce3a3fa352ac49147d0fb7a1ed0650d16b1752b3c4a145d,AME036,5683-32879-0014
ame2ind_S10,S10,ame2ind,American to Indian,seedvc,SeedVC,indian,audio/ame2ind/S10__seedvc.wav,https://anonymousis23.github.io/UserStudy/PHONOS-TASLP26/accent_new/audio/ame2ind/S10__seedvc.wav,8.452063492063493,22050,1,a5dc2224587519957540ebe531faf1082f0c8da772ec38a6b923c23fc059c077,AME036,5683-32879-0014
ame2ind_S10,S10,ame2ind,American to Indian,tvtsyn_reconstruction,TVTSyn Reconstruction,american,audio/ame2ind/S10__tvtsyn_reconstruction.wav,https://anonymousis23.github.io/UserStudy/PHONOS-TASLP26/accent_new/audio/ame2ind/S10__tvtsyn_reconstruction.wav,8.42,16000,1,d7f3e41cb3651605ece44232b9130072a06784223a8a9576cfb7e344aa15c5ba,AME036,5683-32879-0014
ame2spn_S01,S01,ame2spn,American to Spanish,original,Original,american,audio/ame2spn/S01__original.wav,https://anonymousis23.github.io/UserStudy/PHONOS-TASLP26/accent_new/audio/ame2spn/S01__original.wav,7.84,16000,1,f2db777d03e3412738d5bd4f8368a21da13fffbd5097ea7a291b58cd6a405871,AME002,8297-275156-0008
ame2spn_S01,S01,ame2spn,American to Spanish,phonos,PHONOS,spanish,audio/ame2spn/S01__phonos.wav,https://anonymousis23.github.io/UserStudy/PHONOS-TASLP26/accent_new/audio/ame2spn/S01__phonos.wav,7.84,16000,1,ac3691965d91f451631f8948f9e41ab2fbf859f0b746b1bda2d01823bf452913,AME002,8297-275156-0008
ame2spn_S01,S01,ame2spn,American to Spanish,seedvc,SeedVC,spanish,audio/ame2spn/S01__seedvc.wav,https://anonymousis23.github.io/UserStudy/PHONOS-TASLP26/accent_new/audio/ame2spn/S01__seedvc.wav,7.90639455782313,22050,1,157c5f9a119a141205ba683af3bd4d9e03d9b4983f84a3ea0740dee71f1ee26a,AME002,8297-275156-0008
ame2spn_S01,S01,ame2spn,American to Spanish,tvtsyn_reconstruction,TVTSyn Reconstruction,american,audio/ame2spn/S01__tvtsyn_reconstruction.wav,https://anonymousis23.github.io/UserStudy/PHONOS-TASLP26/accent_new/audio/ame2spn/S01__tvtsyn_reconstruction.wav,7.84,16000,1,5c9708c9ccad7ae6fd4a7349d31518445fc17cac0619b2473be67b4b1e9a5310,AME002,8297-275156-0008
ame2spn_S02,S02,ame2spn,American to Spanish,original,Original,american,audio/ame2spn/S02__original.wav,https://anonymousis23.github.io/UserStudy/PHONOS-TASLP26/accent_new/audio/ame2spn/S02__original.wav,7.595,16000,1,0c75735b2969913a03107b955c97b09c35d7da60d4f0fd28958491d38248385f,AME015,3575-170457-0003
ame2spn_S02,S02,ame2spn,American to Spanish,phonos,PHONOS,spanish,audio/ame2spn/S02__phonos.wav,https://anonymousis23.github.io/UserStudy/PHONOS-TASLP26/accent_new/audio/ame2spn/S02__phonos.wav,7.6,16000,1,2d8e90fab20ac4c31c234d969e4be0234887e6e790fb7abb38f256830f87f477,AME015,3575-170457-0003
ame2spn_S02,S02,ame2spn,American to Spanish,seedvc,SeedVC,spanish,audio/ame2spn/S02__seedvc.wav,https://anonymousis23.github.io/UserStudy/PHONOS-TASLP26/accent_new/audio/ame2spn/S02__seedvc.wav,7.732244897959184,22050,1,b866513db78e92622394775a2cf030dd17c77003523ae6ceae3814a6d33e3658,AME015,3575-170457-0003
ame2spn_S02,S02,ame2spn,American to Spanish,tvtsyn_reconstruction,TVTSyn Reconstruction,american,audio/ame2spn/S02__tvtsyn_reconstruction.wav,https://anonymousis23.github.io/UserStudy/PHONOS-TASLP26/accent_new/audio/ame2spn/S02__tvtsyn_reconstruction.wav,7.6,16000,1,1cd1ee4875b45ac486b535897af29ba2a91f6e97ce3ee4a444383bb7893712ad,AME015,3575-170457-0003
ame2spn_S03,S03,ame2spn,American to Spanish,original,Original,american,audio/ame2spn/S03__original.wav,https://anonymousis23.github.io/UserStudy/PHONOS-TASLP26/accent_new/audio/ame2spn/S03__original.wav,8.93,16000,1,bf8183741a4e62deb5888a92dd43e8253ec311d0d1ae61506179988e82ae6a25,AME007,7729-102255-0019
ame2spn_S03,S03,ame2spn,American to Spanish,phonos,PHONOS,spanish,audio/ame2spn/S03__phonos.wav,https://anonymousis23.github.io/UserStudy/PHONOS-TASLP26/accent_new/audio/ame2spn/S03__phonos.wav,8.94,16000,1,24d3ca3def49794a27d6de40fe88568f7f6e3ee51e91ef9b708243c1b6705000,AME007,7729-102255-0019
ame2spn_S03,S03,ame2spn,American to Spanish,seedvc,SeedVC,spanish,audio/ame2spn/S03__seedvc.wav,https://anonymousis23.github.io/UserStudy/PHONOS-TASLP26/accent_new/audio/ame2spn/S03__seedvc.wav,8.858412698412698,22050,1,ea24364f2fb8430526ca198baa13034ac2a990afe379f6262b4140694d380dc5,AME007,7729-102255-0019
ame2spn_S03,S03,ame2spn,American to Spanish,tvtsyn_reconstruction,TVTSyn Reconstruction,american,audio/ame2spn/S03__tvtsyn_reconstruction.wav,https://anonymousis23.github.io/UserStudy/PHONOS-TASLP26/accent_new/audio/ame2spn/S03__tvtsyn_reconstruction.wav,8.94,16000,1,77cef0925b6a54f838f68e5e0ee0cfa627a6913f264069f54fd9aeb4d235f727,AME007,7729-102255-0019
ame2spn_S04,S04,ame2spn,American to Spanish,original,Original,american,audio/ame2spn/S04__original.wav,https://anonymousis23.github.io/UserStudy/PHONOS-TASLP26/accent_new/audio/ame2spn/S04__original.wav,6.61,16000,1,08844bfb979ce8240f332032a4b86bed89703dcdb0379087e9747db278eb60dd,AME012,1089-134686-0025
ame2spn_S04,S04,ame2spn,American to Spanish,phonos,PHONOS,spanish,audio/ame2spn/S04__phonos.wav,https://anonymousis23.github.io/UserStudy/PHONOS-TASLP26/accent_new/audio/ame2spn/S04__phonos.wav,6.62,16000,1,7011c6b481fbcc96844e5fb59f3c5a02bc1ded3195882e3098f60e6f35ea4a5e,AME012,1089-134686-0025
ame2spn_S04,S04,ame2spn,American to Spanish,seedvc,SeedVC,spanish,audio/ame2spn/S04__seedvc.wav,https://anonymousis23.github.io/UserStudy/PHONOS-TASLP26/accent_new/audio/ame2spn/S04__seedvc.wav,7.116916099773243,22050,1,309654bbb2567dda3eb53b4defdacc91da4de54dcd2de2e946447f4d503a1a4d,AME012,1089-134686-0025
ame2spn_S04,S04,ame2spn,American to Spanish,tvtsyn_reconstruction,TVTSyn Reconstruction,american,audio/ame2spn/S04__tvtsyn_reconstruction.wav,https://anonymousis23.github.io/UserStudy/PHONOS-TASLP26/accent_new/audio/ame2spn/S04__tvtsyn_reconstruction.wav,6.62,16000,1,0e05b346ea041d154beb4af86d24d12a56c9280ed5671225b9b223a7bf76202d,AME012,1089-134686-0025
ame2spn_S05,S05,ame2spn,American to Spanish,original,Original,american,audio/ame2spn/S05__original.wav,https://anonymousis23.github.io/UserStudy/PHONOS-TASLP26/accent_new/audio/ame2spn/S05__original.wav,5.38,16000,1,e5d9a68b1a3752a69794e12156aae129ba7e9496cfa6453cfbf0a2a4d4a31add,AME018,7976-105575-0022
ame2spn_S05,S05,ame2spn,American to Spanish,phonos,PHONOS,spanish,audio/ame2spn/S05__phonos.wav,https://anonymousis23.github.io/UserStudy/PHONOS-TASLP26/accent_new/audio/ame2spn/S05__phonos.wav,5.38,16000,1,f4e072cd0bbe42a33e08d5193d711ab67296d60795b1ce920b59efa95a4ef92e,AME018,7976-105575-0022
ame2spn_S05,S05,ame2spn,American to Spanish,seedvc,SeedVC,spanish,audio/ame2spn/S05__seedvc.wav,https://anonymousis23.github.io/UserStudy/PHONOS-TASLP26/accent_new/audio/ame2spn/S05__seedvc.wav,4.911020408163266,22050,1,83fc6bdda9f87c5e9a8b3c677e46638e8731cf9a17126ac7747c36f73fe4746f,AME018,7976-105575-0022
ame2spn_S05,S05,ame2spn,American to Spanish,tvtsyn_reconstruction,TVTSyn Reconstruction,american,audio/ame2spn/S05__tvtsyn_reconstruction.wav,https://anonymousis23.github.io/UserStudy/PHONOS-TASLP26/accent_new/audio/ame2spn/S05__tvtsyn_reconstruction.wav,5.38,16000,1,b12381c1cf8e523366e5829c4d01137c7a0045ed4c780b2e44849f7a05d58c47,AME018,7976-105575-0022
ame2spn_S06,S06,ame2spn,American to Spanish,original,Original,american,audio/ame2spn/S06__original.wav,https://anonymousis23.github.io/UserStudy/PHONOS-TASLP26/accent_new/audio/ame2spn/S06__original.wav,6.285,16000,1,8e77c3802c363ee0d0acbbb5f579396b028d31edee1e06162abb800140425fa0,AME014,1284-1180-0009
ame2spn_S06,S06,ame2spn,American to Spanish,phonos,PHONOS,spanish,audio/ame2spn/S06__phonos.wav,https://anonymousis23.github.io/UserStudy/PHONOS-TASLP26/accent_new/audio/ame2spn/S06__phonos.wav,6.3,16000,1,1d88e0d11ca0187cffca1f25ed1f0bedd9ec4977bbbac87df3b11f49476b2af5,AME014,1284-1180-0009
ame2spn_S06,S06,ame2spn,American to Spanish,seedvc,SeedVC,spanish,audio/ame2spn/S06__seedvc.wav,https://anonymousis23.github.io/UserStudy/PHONOS-TASLP26/accent_new/audio/ame2spn/S06__seedvc.wav,6.489977324263038,22050,1,21a14c15060461dd22edcaa5651b0b2e763c2ab1df59618bc465b07a1d46a58f,AME014,1284-1180-0009
ame2spn_S06,S06,ame2spn,American to Spanish,tvtsyn_reconstruction,TVTSyn Reconstruction,american,audio/ame2spn/S06__tvtsyn_reconstruction.wav,https://anonymousis23.github.io/UserStudy/PHONOS-TASLP26/accent_new/audio/ame2spn/S06__tvtsyn_reconstruction.wav,6.3,16000,1,29eaa25608ad22b54ed2d25073f17f33fe4d618b92c8a95bb3b890f324b01316,AME014,1284-1180-0009
ame2spn_S07,S07,ame2spn,American to Spanish,original,Original,american,audio/ame2spn/S07__original.wav,https://anonymousis23.github.io/UserStudy/PHONOS-TASLP26/accent_new/audio/ame2spn/S07__original.wav,7.445,16000,1,5dc4b7835c7204fe1c084a01f72a23c3b1d2402abf21cd7f1a1db677434b1094,AME021,3170-137482-0025
ame2spn_S07,S07,ame2spn,American to Spanish,phonos,PHONOS,spanish,audio/ame2spn/S07__phonos.wav,https://anonymousis23.github.io/UserStudy/PHONOS-TASLP26/accent_new/audio/ame2spn/S07__phonos.wav,7.46,16000,1,43416b89a83a0d7908a65cf255aeffeb79dbde21dfe1a84bf0e73c4cf70a77f3,AME021,3170-137482-0025
ame2spn_S07,S07,ame2spn,American to Spanish,seedvc,SeedVC,spanish,audio/ame2spn/S07__seedvc.wav,https://anonymousis23.github.io/UserStudy/PHONOS-TASLP26/accent_new/audio/ame2spn/S07__seedvc.wav,7.453605442176871,22050,1,1647ce1529c95dcf1c7947d2f1da0ab7730129b684eb2a6f73439fc93e815f7e,AME021,3170-137482-0025
ame2spn_S07,S07,ame2spn,American to Spanish,tvtsyn_reconstruction,TVTSyn Reconstruction,american,audio/ame2spn/S07__tvtsyn_reconstruction.wav,https://anonymousis23.github.io/UserStudy/PHONOS-TASLP26/accent_new/audio/ame2spn/S07__tvtsyn_reconstruction.wav,7.46,16000,1,eaf4d932c12c8890ea55e1f07d5774105588968c48ffeba0df4d1ad553c0a659,AME021,3170-137482-0025
ame2spn_S08,S08,ame2spn,American to Spanish,original,Original,american,audio/ame2spn/S08__original.wav,https://anonymousis23.github.io/UserStudy/PHONOS-TASLP26/accent_new/audio/ame2spn/S08__original.wav,8.23,16000,1,b32d2f28c39ad5e98d4b1ed30b4d06e1a03de5ee0e08f61bbe988868a123d173,AME027,1320-122617-0019
ame2spn_S08,S08,ame2spn,American to Spanish,phonos,PHONOS,spanish,audio/ame2spn/S08__phonos.wav,https://anonymousis23.github.io/UserStudy/PHONOS-TASLP26/accent_new/audio/ame2spn/S08__phonos.wav,8.24,16000,1,a06b92ce0f574d016907a23da4bfc32e52eb67dd0f68b6a6e0502391799004da,AME027,1320-122617-0019
ame2spn_S08,S08,ame2spn,American to Spanish,seedvc,SeedVC,spanish,audio/ame2spn/S08__seedvc.wav,https://anonymousis23.github.io/UserStudy/PHONOS-TASLP26/accent_new/audio/ame2spn/S08__seedvc.wav,8.475283446712018,22050,1,cbabfff98818a7d4f77f5358afbe115add6283486ed48c168615c6a504965103,AME027,1320-122617-0019
ame2spn_S08,S08,ame2spn,American to Spanish,tvtsyn_reconstruction,TVTSyn Reconstruction,american,audio/ame2spn/S08__tvtsyn_reconstruction.wav,https://anonymousis23.github.io/UserStudy/PHONOS-TASLP26/accent_new/audio/ame2spn/S08__tvtsyn_reconstruction.wav,8.24,16000,1,378ec479c6322a5207e311e42ab09d3cd34aa89605a71969231900be65d3dac6,AME027,1320-122617-0019
ame2spn_S09,S09,ame2spn,American to Spanish,original,Original,american,audio/ame2spn/S09__original.wav,https://anonymousis23.github.io/UserStudy/PHONOS-TASLP26/accent_new/audio/ame2spn/S09__original.wav,8.405,16000,1,4547f95dbea689491f6875d6bea3b03c67b5c1526286019f7dd56c4d1f2155ff,AME036,5683-32879-0014
ame2spn_S09,S09,ame2spn,American to Spanish,phonos,PHONOS,spanish,audio/ame2spn/S09__phonos.wav,https://anonymousis23.github.io/UserStudy/PHONOS-TASLP26/accent_new/audio/ame2spn/S09__phonos.wav,8.42,16000,1,1af1b8dee70e0c4dcb9124f6f0c61c0a220c5c13950037e2f0deb966dfa1d5be,AME036,5683-32879-0014
ame2spn_S09,S09,ame2spn,American to Spanish,seedvc,SeedVC,spanish,audio/ame2spn/S09__seedvc.wav,https://anonymousis23.github.io/UserStudy/PHONOS-TASLP26/accent_new/audio/ame2spn/S09__seedvc.wav,8.231473922902495,22050,1,ef4bf8b9c7487a329af1c843645dac20f0e5e6ca78013f0ba133d81c123f2bda,AME036,5683-32879-0014
ame2spn_S09,S09,ame2spn,American to Spanish,tvtsyn_reconstruction,TVTSyn Reconstruction,american,audio/ame2spn/S09__tvtsyn_reconstruction.wav,https://anonymousis23.github.io/UserStudy/PHONOS-TASLP26/accent_new/audio/ame2spn/S09__tvtsyn_reconstruction.wav,8.42,16000,1,d7f3e41cb3651605ece44232b9130072a06784223a8a9576cfb7e344aa15c5ba,AME036,5683-32879-0014
ame2spn_S10,S10,ame2spn,American to Spanish,original,Original,american,audio/ame2spn/S10__original.wav,https://anonymousis23.github.io/UserStudy/PHONOS-TASLP26/accent_new/audio/ame2spn/S10__original.wav,7.6,16000,1,79cfb710f1ff2089b14abc3c07d44bf210c6fd14d03fb227dec8372385295df1,AME037,2035-152373-0010
ame2spn_S10,S10,ame2spn,American to Spanish,phonos,PHONOS,spanish,audio/ame2spn/S10__phonos.wav,https://anonymousis23.github.io/UserStudy/PHONOS-TASLP26/accent_new/audio/ame2spn/S10__phonos.wav,7.6,16000,1,d9e515722f5bcc1b1df2d55726620d87d56749179ac8e7e4a0a456347f5ce4d6,AME037,2035-152373-0010
ame2spn_S10,S10,ame2spn,American to Spanish,seedvc,SeedVC,spanish,audio/ame2spn/S10__seedvc.wav,https://anonymousis23.github.io/UserStudy/PHONOS-TASLP26/accent_new/audio/ame2spn/S10__seedvc.wav,7.267845804988662,22050,1,9bb8f97c879deefc8f36713e28898ddc2897aaa0cb1cb7a9fc84f669a38504e6,AME037,2035-152373-0010
ame2spn_S10,S10,ame2spn,American to Spanish,tvtsyn_reconstruction,TVTSyn Reconstruction,american,audio/ame2spn/S10__tvtsyn_reconstruction.wav,https://anonymousis23.github.io/UserStudy/PHONOS-TASLP26/accent_new/audio/ame2spn/S10__tvtsyn_reconstruction.wav,7.6,16000,1,03c9505213104bf1071169e18ea19ebc7341abe2cc5bce68bc3c663eb31bff59,AME037,2035-152373-0010
bri2ame_S01,S01,bri2ame,British to American,original,Original,british,audio/bri2ame/S01__original.wav,https://anonymousis23.github.io/UserStudy/PHONOS-TASLP26/accent_new/audio/bri2ame/S01__original.wav,5.8026875,16000,1,5c4993eb03f55de112e2c0729914b6abdb1a8acbc8bf666a7d1a631431a1d7d2,BRE001,sof_02121_00159249525
bri2ame_S01,S01,bri2ame,British to American,phonos,PHONOS,american,audio/bri2ame/S01__phonos.wav,https://anonymousis23.github.io/UserStudy/PHONOS-TASLP26/accent_new/audio/bri2ame/S01__phonos.wav,5.82,16000,1,6acfa6977294121d15d49405933cde96b1daa83b1d2a837b9fb9daa9b1f8d412,BRE001,sof_02121_00159249525
bri2ame_S01,S01,bri2ame,British to American,seedvc,SeedVC,american,audio/bri2ame/S01__seedvc.wav,https://anonymousis23.github.io/UserStudy/PHONOS-TASLP26/accent_new/audio/bri2ame/S01__seedvc.wav,5.828208616780046,22050,1,b46b4c11a97fd3414f8af3c00d4c3d7af68e0a45c655d2eb2e694f237b538e27,BRE001,sof_02121_00159249525
bri2ame_S01,S01,bri2ame,British to American,tvtsyn_reconstruction,TVTSyn Reconstruction,british,audio/bri2ame/S01__tvtsyn_reconstruction.wav,https://anonymousis23.github.io/UserStudy/PHONOS-TASLP26/accent_new/audio/bri2ame/S01__tvtsyn_reconstruction.wav,5.82,16000,1,097631ef1296570542f9649d8dc28b0de3e79a5daa44697f13bc0419c89cd6a9,BRE001,sof_02121_00159249525
bri2ame_S02,S02,bri2ame,British to American,original,Original,british,audio/bri2ame/S02__original.wav,https://anonymousis23.github.io/UserStudy/PHONOS-TASLP26/accent_new/audio/bri2ame/S02__original.wav,5.632,16000,1,2e587c5401a285ebc4f2b1e00fcfc2f1a944a5a5344c03ef7da2d69143ac6aec,BRE002,sof_08886_00875597339
bri2ame_S02,S02,bri2ame,British to American,phonos,PHONOS,american,audio/bri2ame/S02__phonos.wav,https://anonymousis23.github.io/UserStudy/PHONOS-TASLP26/accent_new/audio/bri2ame/S02__phonos.wav,5.64,16000,1,d484c112309905d75dae39795f04f969b7d18fd463a3659e150f656ca5f76a71,BRE002,sof_08886_00875597339
bri2ame_S02,S02,bri2ame,British to American,seedvc,SeedVC,american,audio/bri2ame/S02__seedvc.wav,https://anonymousis23.github.io/UserStudy/PHONOS-TASLP26/accent_new/audio/bri2ame/S02__seedvc.wav,5.561179138321996,22050,1,0759276b2d5cb20a4581bf0548198e3a1d90be9a2510ffc754b4c6d605237c16,BRE002,sof_08886_00875597339
bri2ame_S02,S02,bri2ame,British to American,tvtsyn_reconstruction,TVTSyn Reconstruction,british,audio/bri2ame/S02__tvtsyn_reconstruction.wav,https://anonymousis23.github.io/UserStudy/PHONOS-TASLP26/accent_new/audio/bri2ame/S02__tvtsyn_reconstruction.wav,5.64,16000,1,f08360383425799dc12d5d38b313576541dd0b004bc876ed9e4ebfc9d568f195,BRE002,sof_08886_00875597339
bri2ame_S03,S03,bri2ame,British to American,original,Original,british,audio/bri2ame/S03__original.wav,https://anonymousis23.github.io/UserStudy/PHONOS-TASLP26/accent_new/audio/bri2ame/S03__original.wav,5.0346875,16000,1,19bcd115c8166cbc97ca9d1bf7b8a33c55dab4eb7eb506a25e7362621dc81b45,BRE050,sof_03034_00648187652
bri2ame_S03,S03,bri2ame,British to American,phonos,PHONOS,american,audio/bri2ame/S03__phonos.wav,https://anonymousis23.github.io/UserStudy/PHONOS-TASLP26/accent_new/audio/bri2ame/S03__phonos.wav,5.04,16000,1,2437232ad60fa77aeba35fa85c90f834aa3ade65fcddc2c2b606c6db4c09f4c3,BRE050,sof_03034_00648187652
bri2ame_S03,S03,bri2ame,British to American,seedvc,SeedVC,american,audio/bri2ame/S03__seedvc.wav,https://anonymousis23.github.io/UserStudy/PHONOS-TASLP26/accent_new/audio/bri2ame/S03__seedvc.wav,5.561179138321996,22050,1,a6b6022f3e6cb797eb89e72cdd2020b187a18a4be9592deb6492776d0c080bc2,BRE050,sof_03034_00648187652
bri2ame_S03,S03,bri2ame,British to American,tvtsyn_reconstruction,TVTSyn Reconstruction,british,audio/bri2ame/S03__tvtsyn_reconstruction.wav,https://anonymousis23.github.io/UserStudy/PHONOS-TASLP26/accent_new/audio/bri2ame/S03__tvtsyn_reconstruction.wav,5.04,16000,1,9cb8e9b0a4175253c77aff4e02336ea7caf06742d59d03dfafa52864b63ac81b,BRE050,sof_03034_00648187652
bri2ame_S04,S04,bri2ame,British to American,original,Original,british,audio/bri2ame/S04__original.wav,https://anonymousis23.github.io/UserStudy/PHONOS-TASLP26/accent_new/audio/bri2ame/S04__original.wav,7.424,16000,1,9a1333de30c4cd673055541bacf1a274f9116c6782c21e136527a43a932c0e2f,BRE046,som_01523_00399822145
bri2ame_S04,S04,bri2ame,British to American,phonos,PHONOS,american,audio/bri2ame/S04__phonos.wav,https://anonymousis23.github.io/UserStudy/PHONOS-TASLP26/accent_new/audio/bri2ame/S04__phonos.wav,7.44,16000,1,528e1fb76bac98f93eedcd9a5dbed75be4e35c145bc9bc5a2b7bc11681bcab17,BRE046,som_01523_00399822145
bri2ame_S04,S04,bri2ame,British to American,seedvc,SeedVC,american,audio/bri2ame/S04__seedvc.wav,https://anonymousis23.github.io/UserStudy/PHONOS-TASLP26/accent_new/audio/bri2ame/S04__seedvc.wav,7.778684807256236,22050,1,1afd7f9631f7018affe468a9dcc1d9dc020882cb7bbee4a8d65d691eff1a4905,BRE046,som_01523_00399822145
bri2ame_S04,S04,bri2ame,British to American,tvtsyn_reconstruction,TVTSyn Reconstruction,british,audio/bri2ame/S04__tvtsyn_reconstruction.wav,https://anonymousis23.github.io/UserStudy/PHONOS-TASLP26/accent_new/audio/bri2ame/S04__tvtsyn_reconstruction.wav,7.44,16000,1,eed9c41108e7d9f1f9f0c404c63d7b13f371fb4d454783f81fb14ea7fd717afd,BRE046,som_01523_00399822145
bri2ame_S05,S05,bri2ame,British to American,original,Original,british,audio/bri2ame/S05__original.wav,https://anonymousis23.github.io/UserStudy/PHONOS-TASLP26/accent_new/audio/bri2ame/S05__original.wav,5.205375,16000,1,24ea7646c8144d7a0b19e724f3f6159c69ec159fe8b81748ddd7701ce4b5f71d,BRE022,sof_09334_00363794380
bri2ame_S05,S05,bri2ame,British to American,phonos,PHONOS,american,audio/bri2ame/S05__phonos.wav,https://anonymousis23.github.io/UserStudy/PHONOS-TASLP26/accent_new/audio/bri2ame/S05__phonos.wav,5.22,16000,1,b713b887cea61212e54a07ea66433a8b86d2ddc0a44b23abd097e744f1307992,BRE022,sof_09334_00363794380
bri2ame_S05,S05,bri2ame,British to American,seedvc,SeedVC,american,audio/bri2ame/S05__seedvc.wav,https://anonymousis23.github.io/UserStudy/PHONOS-TASLP26/accent_new/audio/bri2ame/S05__seedvc.wav,5.317369614512471,22050,1,a12abf9b758ea69a4112ce765dec89415d050854544dc4e253504439060b28a9,BRE022,sof_09334_00363794380
bri2ame_S05,S05,bri2ame,British to American,tvtsyn_reconstruction,TVTSyn Reconstruction,british,audio/bri2ame/S05__tvtsyn_reconstruction.wav,https://anonymousis23.github.io/UserStudy/PHONOS-TASLP26/accent_new/audio/bri2ame/S05__tvtsyn_reconstruction.wav,5.22,16000,1,9bd50d57b28d7f66c991a1f0a6977d6bf9c4ed1066ba8dac3b2d4e12feb60646,BRE022,sof_09334_00363794380
bri2ame_S06,S06,bri2ame,British to American,original,Original,british,audio/bri2ame/S06__original.wav,https://anonymousis23.github.io/UserStudy/PHONOS-TASLP26/accent_new/audio/bri2ame/S06__original.wav,6.0586875,16000,1,a290d08a4802a5f5ee872f77162141cd9ec44b5c2344b2a36e0184816049d506,BRE025,sof_04766_00321615824
bri2ame_S06,S06,bri2ame,British to American,phonos,PHONOS,american,audio/bri2ame/S06__phonos.wav,https://anonymousis23.github.io/UserStudy/PHONOS-TASLP26/accent_new/audio/bri2ame/S06__phonos.wav,6.06,16000,1,2c56c150e048bddbf6bf08d4d4f638e6ed30313e8d763e13dbf5d4eba49a0ca5,BRE025,sof_04766_00321615824
bri2ame_S06,S06,bri2ame,British to American,seedvc,SeedVC,american,audio/bri2ame/S06__seedvc.wav,https://anonymousis23.github.io/UserStudy/PHONOS-TASLP26/accent_new/audio/bri2ame/S06__seedvc.wav,6.466757369614513,22050,1,34c7bcebc5672e736607751551c8f731a08c4c5490c839255a72880b24c922f8,BRE025,sof_04766_00321615824
bri2ame_S06,S06,bri2ame,British to American,tvtsyn_reconstruction,TVTSyn Reconstruction,british,audio/bri2ame/S06__tvtsyn_reconstruction.wav,https://anonymousis23.github.io/UserStudy/PHONOS-TASLP26/accent_new/audio/bri2ame/S06__tvtsyn_reconstruction.wav,6.06,16000,1,4ef65c9f16ab2e5dc13fc70e923244321cd667bce4e2f7de4c621288c95fda12,BRE025,sof_04766_00321615824
bri2ame_S07,S07,bri2ame,British to American,original,Original,british,audio/bri2ame/S07__original.wav,https://anonymousis23.github.io/UserStudy/PHONOS-TASLP26/accent_new/audio/bri2ame/S07__original.wav,5.973375,16000,1,750e862c6c47e31ba04322c71047ac4e6805735a901483cc27a6c64766da37da,BRE053,sof_06136_00152649904
bri2ame_S07,S07,bri2ame,British to American,phonos,PHONOS,american,audio/bri2ame/S07__phonos.wav,https://anonymousis23.github.io/UserStudy/PHONOS-TASLP26/accent_new/audio/bri2ame/S07__phonos.wav,5.98,16000,1,87ac1fd3d2dc1be4c773c185c99ed3b5b9b62eeb1f4f466f3d71a696828c2881,BRE053,sof_06136_00152649904
bri2ame_S07,S07,bri2ame,British to American,seedvc,SeedVC,american,audio/bri2ame/S07__seedvc.wav,https://anonymousis23.github.io/UserStudy/PHONOS-TASLP26/accent_new/audio/bri2ame/S07__seedvc.wav,7.128526077097506,22050,1,e98a5f21172121b6aa24f4d81dadd936a94788b46693490be9685f2c48104ba1,BRE053,sof_06136_00152649904
bri2ame_S07,S07,bri2ame,British to American,tvtsyn_reconstruction,TVTSyn Reconstruction,british,audio/bri2ame/S07__tvtsyn_reconstruction.wav,https://anonymousis23.github.io/UserStudy/PHONOS-TASLP26/accent_new/audio/bri2ame/S07__tvtsyn_reconstruction.wav,5.98,16000,1,0d7b19bcc27bae3be2de71d36021105091f788c251c37a13c13710163a732107,BRE053,sof_06136_00152649904
bri2ame_S08,S08,bri2ame,British to American,original,Original,british,audio/bri2ame/S08__original.wav,https://anonymousis23.github.io/UserStudy/PHONOS-TASLP26/accent_new/audio/bri2ame/S08__original.wav,7.936,16000,1,2eaf100b3afa31de2c6af7987b0dc3d8529eb5e223fae0e570e8fbd44843768a,BRE020,som_06592_00529433403
bri2ame_S08,S08,bri2ame,British to American,phonos,PHONOS,american,audio/bri2ame/S08__phonos.wav,https://anonymousis23.github.io/UserStudy/PHONOS-TASLP26/accent_new/audio/bri2ame/S08__phonos.wav,7.94,16000,1,a0056fede9b4e9c31b839204ec6ae579f8c8e17056289a41f650bc82231f6bc7,BRE020,som_06592_00529433403
bri2ame_S08,S08,bri2ame,British to American,seedvc,SeedVC,american,audio/bri2ame/S08__seedvc.wav,https://anonymousis23.github.io/UserStudy/PHONOS-TASLP26/accent_new/audio/bri2ame/S08__seedvc.wav,8.301133786848073,22050,1,be513201e35bf01ab1af907f5bd42beafbd705c0719e013e64cb076bb360e31e,BRE020,som_06592_00529433403
bri2ame_S08,S08,bri2ame,British to American,tvtsyn_reconstruction,TVTSyn Reconstruction,british,audio/bri2ame/S08__tvtsyn_reconstruction.wav,https://anonymousis23.github.io/UserStudy/PHONOS-TASLP26/accent_new/audio/bri2ame/S08__tvtsyn_reconstruction.wav,7.94,16000,1,0ec0ed4dba2ce8a9cdfc032a725951b54b88498f592a85af097622a29fcf2258,BRE020,som_06592_00529433403
bri2ame_S09,S09,bri2ame,British to American,original,Original,british,audio/bri2ame/S09__original.wav,https://anonymousis23.github.io/UserStudy/PHONOS-TASLP26/accent_new/audio/bri2ame/S09__original.wav,5.5466875,16000,1,9e387aff2596a7877023ae4a3d30182ca5b253c8f54cc93a355b958c3a08347f,BRE024,som_09799_01678717770
bri2ame_S09,S09,bri2ame,British to American,phonos,PHONOS,american,audio/bri2ame/S09__phonos.wav,https://anonymousis23.github.io/UserStudy/PHONOS-TASLP26/accent_new/audio/bri2ame/S09__phonos.wav,5.56,16000,1,c4f3246d77e28500c04021f11f3fd7c5fd0f4c16dfbd77c72067b0400828c700,BRE024,som_09799_01678717770
bri2ame_S09,S09,bri2ame,British to American,seedvc,SeedVC,american,audio/bri2ame/S09__seedvc.wav,https://anonymousis23.github.io/UserStudy/PHONOS-TASLP26/accent_new/audio/bri2ame/S09__seedvc.wav,5.630839002267574,22050,1,2cc95660e90b53f5d5ba5eb065529c9854a640a09a386c6071d4ef626be1f680,BRE024,som_09799_01678717770
bri2ame_S09,S09,bri2ame,British to American,tvtsyn_reconstruction,TVTSyn Reconstruction,british,audio/bri2ame/S09__tvtsyn_reconstruction.wav,https://anonymousis23.github.io/UserStudy/PHONOS-TASLP26/accent_new/audio/bri2ame/S09__tvtsyn_reconstruction.wav,5.56,16000,1,84bc464d3804d9558acc5a8021384ef6d0dd55d47de6b7cbc60f1e2502889dbb,BRE024,som_09799_01678717770
bri2ame_S10,S10,bri2ame,British to American,original,Original,british,audio/bri2ame/S10__original.wav,https://anonymousis23.github.io/UserStudy/PHONOS-TASLP26/accent_new/audio/bri2ame/S10__original.wav,5.205375,16000,1,f7fc7f0af5b2ffa2dbf77c1e9b251d85fb1ace2557c99d036df43fba689c12fc,BRE031,sof_07060_00442867994
bri2ame_S10,S10,bri2ame,British to American,phonos,PHONOS,american,audio/bri2ame/S10__phonos.wav,https://anonymousis23.github.io/UserStudy/PHONOS-TASLP26/accent_new/audio/bri2ame/S10__phonos.wav,5.22,16000,1,76060537db0982f13b11a97190707044f4299f11d09b14fc813b736f82d10250,BRE031,sof_07060_00442867994
bri2ame_S10,S10,bri2ame,British to American,seedvc,SeedVC,american,audio/bri2ame/S10__seedvc.wav,https://anonymousis23.github.io/UserStudy/PHONOS-TASLP26/accent_new/audio/bri2ame/S10__seedvc.wav,5.340589569160998,22050,1,461e1fa70c1e1313a79c8a6e403aba46de806bbe11a2182aef555e1c6a9d7669,BRE031,sof_07060_00442867994
bri2ame_S10,S10,bri2ame,British to American,tvtsyn_reconstruction,TVTSyn Reconstruction,british,audio/bri2ame/S10__tvtsyn_reconstruction.wav,https://anonymousis23.github.io/UserStudy/PHONOS-TASLP26/accent_new/audio/bri2ame/S10__tvtsyn_reconstruction.wav,5.22,16000,1,b41c0733ce57793fddc9d7cc84d208531af706f89ffb1fbef0803f91cdfa5e47,BRE031,sof_07060_00442867994
ind2ame_S01,S01,ind2ame,Indian to American,original,Original,indian,audio/ind2ame/S01__original.wav,https://anonymousis23.github.io/UserStudy/PHONOS-TASLP26/accent_new/audio/ind2ame/S01__original.wav,5.276,16000,1,38e73fe2af2db11ea52ab40d315d9ef411c170a9fa741ae5dd96b64542a02476,INE003,00386629_000010.v2.vad
ind2ame_S01,S01,ind2ame,Indian to American,phonos,PHONOS,american,audio/ind2ame/S01__phonos.wav,https://anonymousis23.github.io/UserStudy/PHONOS-TASLP26/accent_new/audio/ind2ame/S01__phonos.wav,5.28,16000,1,7d4a845b226836e78435e7c9eefbe7d4204c5a932f7efcca87c2eb7f134e0bd0,INE003,00386629_000010.v2.vad
ind2ame_S01,S01,ind2ame,Indian to American,seedvc,SeedVC,american,audio/ind2ame/S01__seedvc.wav,https://anonymousis23.github.io/UserStudy/PHONOS-TASLP26/accent_new/audio/ind2ame/S01__seedvc.wav,5.328979591836735,22050,1,0da4f233bb8a1e4ac724485660363b469e7720b73a4520e1caedb1dcb7929374,INE003,00386629_000010.v2.vad
ind2ame_S01,S01,ind2ame,Indian to American,tvtsyn_reconstruction,TVTSyn Reconstruction,indian,audio/ind2ame/S01__tvtsyn_reconstruction.wav,https://anonymousis23.github.io/UserStudy/PHONOS-TASLP26/accent_new/audio/ind2ame/S01__tvtsyn_reconstruction.wav,5.28,16000,1,e8950600547dc3cfdaf580400a4c3fc6c48df5df66f5e30ea632b0d73c46a4d7,INE003,00386629_000010.v2.vad
ind2ame_S02,S02,ind2ame,Indian to American,original,Original,indian,audio/ind2ame/S02__original.wav,https://anonymousis23.github.io/UserStudy/PHONOS-TASLP26/accent_new/audio/ind2ame/S02__original.wav,5.084,16000,1,3c711600062d35f9438276e15a106ce6c9ff6605db4520c52574a314d3a33f5a,INE006,00315300_000013.v2.vad
ind2ame_S02,S02,ind2ame,Indian to American,phonos,PHONOS,american,audio/ind2ame/S02__phonos.wav,https://anonymousis23.github.io/UserStudy/PHONOS-TASLP26/accent_new/audio/ind2ame/S02__phonos.wav,5.1,16000,1,04a42b506090bea117fad2a438356a7719e0180a45b472561d5dc67f9cadfc9a,INE006,00315300_000013.v2.vad
ind2ame_S02,S02,ind2ame,Indian to American,seedvc,SeedVC,american,audio/ind2ame/S02__seedvc.wav,https://anonymousis23.github.io/UserStudy/PHONOS-TASLP26/accent_new/audio/ind2ame/S02__seedvc.wav,5.166439909297052,22050,1,692e2500a03fc87238098006db3c963233882f71224f2c01ea7d4b03f44410c7,INE006,00315300_000013.v2.vad
ind2ame_S02,S02,ind2ame,Indian to American,tvtsyn_reconstruction,TVTSyn Reconstruction,indian,audio/ind2ame/S02__tvtsyn_reconstruction.wav,https://anonymousis23.github.io/UserStudy/PHONOS-TASLP26/accent_new/audio/ind2ame/S02__tvtsyn_reconstruction.wav,5.1,16000,1,370ecc698c9cf8f1ee8cc22a6afd4bb9c9d7a203b3ae8102d52a123e59d10488,INE006,00315300_000013.v2.vad
ind2ame_S03,S03,ind2ame,Indian to American,original,Original,indian,audio/ind2ame/S03__original.wav,https://anonymousis23.github.io/UserStudy/PHONOS-TASLP26/accent_new/audio/ind2ame/S03__original.wav,6.204,16000,1,c0ffc14dd1b48f44af382639b64b468cf935fd09cda4710a8ac5ed93618e3854,INE045,00289817_000011.v2.vad
ind2ame_S03,S03,ind2ame,Indian to American,phonos,PHONOS,american,audio/ind2ame/S03__phonos.wav,https://anonymousis23.github.io/UserStudy/PHONOS-TASLP26/accent_new/audio/ind2ame/S03__phonos.wav,6.22,16000,1,8fc3d5c59a3672e5fca4c1456dc25e6e97bb351489ebd99346faf937b01f79ad,INE045,00289817_000011.v2.vad
ind2ame_S03,S03,ind2ame,Indian to American,seedvc,SeedVC,american,audio/ind2ame/S03__seedvc.wav,https://anonymousis23.github.io/UserStudy/PHONOS-TASLP26/accent_new/audio/ind2ame/S03__seedvc.wav,6.257777777777778,22050,1,6e9c3212df303a32b6054501d202929e6800c24d55ccd243936d347b351e1dd3,INE045,00289817_000011.v2.vad
ind2ame_S03,S03,ind2ame,Indian to American,tvtsyn_reconstruction,TVTSyn Reconstruction,indian,audio/ind2ame/S03__tvtsyn_reconstruction.wav,https://anonymousis23.github.io/UserStudy/PHONOS-TASLP26/accent_new/audio/ind2ame/S03__tvtsyn_reconstruction.wav,6.22,16000,1,f71a30aa06895e6c6191775f5d3e196890ebec58080e438012bfa5e0a634a0a6,INE045,00289817_000011.v2.vad
ind2ame_S04,S04,ind2ame,Indian to American,original,Original,indian,audio/ind2ame/S04__original.wav,https://anonymousis23.github.io/UserStudy/PHONOS-TASLP26/accent_new/audio/ind2ame/S04__original.wav,5.052,16000,1,8d248fd1f5d032230dd308c4c6de2eae3bb0ac68ed69f934edd63b60024b6528,INE011,00451058_000012.v2.vad
ind2ame_S04,S04,ind2ame,Indian to American,phonos,PHONOS,american,audio/ind2ame/S04__phonos.wav,https://anonymousis23.github.io/UserStudy/PHONOS-TASLP26/accent_new/audio/ind2ame/S04__phonos.wav,5.06,16000,1,f11b83f655a355f944b4fce500ca94d103cdf47d276fdd66595404b401a728b4,INE011,00451058_000012.v2.vad
ind2ame_S04,S04,ind2ame,Indian to American,seedvc,SeedVC,american,audio/ind2ame/S04__seedvc.wav,https://anonymousis23.github.io/UserStudy/PHONOS-TASLP26/accent_new/audio/ind2ame/S04__seedvc.wav,5.340589569160998,22050,1,ab9c0dfbc6890e7851cac298f6e5697707dd15a850bf43c507c0600258c33c2f,INE011,00451058_000012.v2.vad
ind2ame_S04,S04,ind2ame,Indian to American,tvtsyn_reconstruction,TVTSyn Reconstruction,indian,audio/ind2ame/S04__tvtsyn_reconstruction.wav,https://anonymousis23.github.io/UserStudy/PHONOS-TASLP26/accent_new/audio/ind2ame/S04__tvtsyn_reconstruction.wav,5.06,16000,1,23fd5f4cc16c3e716d787415abce57671a9b72f2baa87d9aa046ff42480aa102,INE011,00451058_000012.v2.vad
ind2ame_S05,S05,ind2ame,Indian to American,original,Original,indian,audio/ind2ame/S05__original.wav,https://anonymousis23.github.io/UserStudy/PHONOS-TASLP26/accent_new/audio/ind2ame/S05__original.wav,5.724,16000,1,2378c6cb12b065b7c59febd16c87241843a887b37f59239327c94f8805f6d693,INE014,00161295_000010.v2.vad
ind2ame_S05,S05,ind2ame,Indian to American,phonos,PHONOS,american,audio/ind2ame/S05__phonos.wav,https://anonymousis23.github.io/UserStudy/PHONOS-TASLP26/accent_new/audio/ind2ame/S05__phonos.wav,5.74,16000,1,18766463a8350e11294de331393a97328b4447812efa0d1b12b5bc9917bb04b0,INE014,00161295_000010.v2.vad
ind2ame_S05,S05,ind2ame,Indian to American,seedvc,SeedVC,american,audio/ind2ame/S05__seedvc.wav,https://anonymousis23.github.io/UserStudy/PHONOS-TASLP26/accent_new/audio/ind2ame/S05__seedvc.wav,5.5147392290249435,22050,1,1ff322504443afaf86e4b570ca78b8976ed7d133286f86f4309af58cd2009708,INE014,00161295_000010.v2.vad
ind2ame_S05,S05,ind2ame,Indian to American,tvtsyn_reconstruction,TVTSyn Reconstruction,indian,audio/ind2ame/S05__tvtsyn_reconstruction.wav,https://anonymousis23.github.io/UserStudy/PHONOS-TASLP26/accent_new/audio/ind2ame/S05__tvtsyn_reconstruction.wav,5.74,16000,1,7aeda8ec872a556f791ca4be923ab46dc19e8e792a0b55b8328cd416d7c5b0df,INE014,00161295_000010.v2.vad
ind2ame_S06,S06,ind2ame,Indian to American,original,Original,indian,audio/ind2ame/S06__original.wav,https://anonymousis23.github.io/UserStudy/PHONOS-TASLP26/accent_new/audio/ind2ame/S06__original.wav,6.7480625,16000,1,011de88ed2ec4ddd93739994d6827c19b312a3c3154d639586b8743b6ea23a47,INE019,00369613_000022.v2.vad
ind2ame_S06,S06,ind2ame,Indian to American,phonos,PHONOS,american,audio/ind2ame/S06__phonos.wav,https://anonymousis23.github.io/UserStudy/PHONOS-TASLP26/accent_new/audio/ind2ame/S06__phonos.wav,6.76,16000,1,b7206a588a023cbff10a4bb292f7cae0c539456bd276cbfcabd7fc64a99bd9e7,INE019,00369613_000022.v2.vad
ind2ame_S06,S06,ind2ame,Indian to American,seedvc,SeedVC,american,audio/ind2ame/S06__seedvc.wav,https://anonymousis23.github.io/UserStudy/PHONOS-TASLP26/accent_new/audio/ind2ame/S06__seedvc.wav,6.594467120181406,22050,1,2ac9603f68c10a2f20271efed6a081a43ca7800b458e7c916425cc8ba0f2649c,INE019,00369613_000022.v2.vad
ind2ame_S06,S06,ind2ame,Indian to American,tvtsyn_reconstruction,TVTSyn Reconstruction,indian,audio/ind2ame/S06__tvtsyn_reconstruction.wav,https://anonymousis23.github.io/UserStudy/PHONOS-TASLP26/accent_new/audio/ind2ame/S06__tvtsyn_reconstruction.wav,6.76,16000,1,cbfe758b92cfb0e4cf28c69c5603186a1823474de3a52e27d8bfc43662426916,INE019,00369613_000022.v2.vad
ind2ame_S07,S07,ind2ame,Indian to American,original,Original,indian,audio/ind2ame/S07__original.wav,https://anonymousis23.github.io/UserStudy/PHONOS-TASLP26/accent_new/audio/ind2ame/S07__original.wav,5.02,16000,1,d1b1ec0e9d752cccc7626b923b33be6f5dc5c9ef24b2048e784157ea0786f7d4,INE021,00435837_000009.v2.vad
ind2ame_S07,S07,ind2ame,Indian to American,phonos,PHONOS,american,audio/ind2ame/S07__phonos.wav,https://anonymousis23.github.io/UserStudy/PHONOS-TASLP26/accent_new/audio/ind2ame/S07__phonos.wav,5.02,16000,1,3c425af5564aff5d5e2f70cbbd5e33eabd4bb879fb88b65441c12ec80c8eda96,INE021,00435837_000009.v2.vad
ind2ame_S07,S07,ind2ame,Indian to American,seedvc,SeedVC,american,audio/ind2ame/S07__seedvc.wav,https://anonymousis23.github.io/UserStudy/PHONOS-TASLP26/accent_new/audio/ind2ame/S07__seedvc.wav,5.085170068027211,22050,1,bce12147a0414633d9b6d2a914f5d0c2cab3ea513696dbe67d91b61e67452c9f,INE021,00435837_000009.v2.vad
ind2ame_S07,S07,ind2ame,Indian to American,tvtsyn_reconstruction,TVTSyn Reconstruction,indian,audio/ind2ame/S07__tvtsyn_reconstruction.wav,https://anonymousis23.github.io/UserStudy/PHONOS-TASLP26/accent_new/audio/ind2ame/S07__tvtsyn_reconstruction.wav,5.02,16000,1,a3980795116b55f74c58cb8fb3ed6c01b15c70f6deb77f5ccbf6858fdfba50e7,INE021,00435837_000009.v2.vad
ind2ame_S08,S08,ind2ame,Indian to American,original,Original,indian,audio/ind2ame/S08__original.wav,https://anonymousis23.github.io/UserStudy/PHONOS-TASLP26/accent_new/audio/ind2ame/S08__original.wav,6.364,16000,1,d9baa65e01b1d87646de829b552341d704f4365dd681c10ccb49a0af0db08380,INE023,00469932_000036.v2.vad
ind2ame_S08,S08,ind2ame,Indian to American,phonos,PHONOS,american,audio/ind2ame/S08__phonos.wav,https://anonymousis23.github.io/UserStudy/PHONOS-TASLP26/accent_new/audio/ind2ame/S08__phonos.wav,6.38,16000,1,0145d3277c1c9526dc83286c0ce7271ea99be5e0a7267b08a45a5bbb51ded702,INE023,00469932_000036.v2.vad
ind2ame_S08,S08,ind2ame,Indian to American,seedvc,SeedVC,american,audio/ind2ame/S08__seedvc.wav,https://anonymousis23.github.io/UserStudy/PHONOS-TASLP26/accent_new/audio/ind2ame/S08__seedvc.wav,6.513197278911565,22050,1,3fd504ca4a2e68f96fbf8c6fa5812f62ee3ad679095f0ce1d365af1482ef273a,INE023,00469932_000036.v2.vad
ind2ame_S08,S08,ind2ame,Indian to American,tvtsyn_reconstruction,TVTSyn Reconstruction,indian,audio/ind2ame/S08__tvtsyn_reconstruction.wav,https://anonymousis23.github.io/UserStudy/PHONOS-TASLP26/accent_new/audio/ind2ame/S08__tvtsyn_reconstruction.wav,6.38,16000,1,2d64db4c2d47d82e922aa9c1e34e6fba65fdebb632bbf900c287cf08a4e48ca9,INE023,00469932_000036.v2.vad
ind2ame_S09,S09,ind2ame,Indian to American,original,Original,indian,audio/ind2ame/S09__original.wav,https://anonymousis23.github.io/UserStudy/PHONOS-TASLP26/accent_new/audio/ind2ame/S09__original.wav,5.7880625,16000,1,359fd55aedbbba84554c267a9c04a3e7cc32965ab1c5a4e0cb5b4c42fa08354f,INE038,00452698_000006.v2.vad
ind2ame_S09,S09,ind2ame,Indian to American,phonos,PHONOS,american,audio/ind2ame/S09__phonos.wav,https://anonymousis23.github.io/UserStudy/PHONOS-TASLP26/accent_new/audio/ind2ame/S09__phonos.wav,5.8,16000,1,f63fb19aad3f810e0a0d49cfee28106db23b2b36146ea7769fa905f0d36e03f5,INE038,00452698_000006.v2.vad
ind2ame_S09,S09,ind2ame,Indian to American,seedvc,SeedVC,american,audio/ind2ame/S09__seedvc.wav,https://anonymousis23.github.io/UserStudy/PHONOS-TASLP26/accent_new/audio/ind2ame/S09__seedvc.wav,5.932698412698413,22050,1,ee8f531c69c46d97786112a3f3333b263bd4e473fad309d1a391a337dc757dd6,INE038,00452698_000006.v2.vad
ind2ame_S09,S09,ind2ame,Indian to American,tvtsyn_reconstruction,TVTSyn Reconstruction,indian,audio/ind2ame/S09__tvtsyn_reconstruction.wav,https://anonymousis23.github.io/UserStudy/PHONOS-TASLP26/accent_new/audio/ind2ame/S09__tvtsyn_reconstruction.wav,5.8,16000,1,058bd9896f6e8294865bbf100e8a75bc4627b62a48a7379bc41a410ae7120073,INE038,00452698_000006.v2.vad
ind2ame_S10,S10,ind2ame,Indian to American,original,Original,indian,audio/ind2ame/S10__original.wav,https://anonymousis23.github.io/UserStudy/PHONOS-TASLP26/accent_new/audio/ind2ame/S10__original.wav,5.692,16000,1,d82baf1c48740b507ec726bf7a96df13d6a84179ab60ffe63b257ad3808574a8,INE010,00485948_000074.v2.vad
ind2ame_S10,S10,ind2ame,Indian to American,phonos,PHONOS,american,audio/ind2ame/S10__phonos.wav,https://anonymousis23.github.io/UserStudy/PHONOS-TASLP26/accent_new/audio/ind2ame/S10__phonos.wav,5.7,16000,1,f3d7a0f1e60ef92b54cf36a1221376096df41fd0d6ac6c0a5ea30287e0d76ebd,INE010,00485948_000074.v2.vad
ind2ame_S10,S10,ind2ame,Indian to American,seedvc,SeedVC,american,audio/ind2ame/S10__seedvc.wav,https://anonymousis23.github.io/UserStudy/PHONOS-TASLP26/accent_new/audio/ind2ame/S10__seedvc.wav,5.6656689342403626,22050,1,de7d146eb9cdc2781a1fc5d788fc75c9edf90c2a59c21f95b759481f2b4938b9,INE010,00485948_000074.v2.vad
ind2ame_S10,S10,ind2ame,Indian to American,tvtsyn_reconstruction,TVTSyn Reconstruction,indian,audio/ind2ame/S10__tvtsyn_reconstruction.wav,https://anonymousis23.github.io/UserStudy/PHONOS-TASLP26/accent_new/audio/ind2ame/S10__tvtsyn_reconstruction.wav,5.7,16000,1,4f9b92f4e1cd783bbd02d8432e67a8fcfb9a11aa0507e91fe6c14ee6e1047356,INE010,00485948_000074.v2.vad
spn2ame_S01,S01,spn2ame,Spanish to American,original,Original,spanish,audio/spn2ame/S01__original.wav,https://anonymousis23.github.io/UserStudy/PHONOS-TASLP26/accent_new/audio/spn2ame/S01__original.wav,5.535,16000,1,7a3af39f4ee2b49afc304614df9ea69cc19253ccda16c8d55d9558a55086d02b,SPE002,EN_HfWbNslGHCI_W000005
spn2ame_S01,S01,spn2ame,Spanish to American,phonos,PHONOS,american,audio/spn2ame/S01__phonos.wav,https://anonymousis23.github.io/UserStudy/PHONOS-TASLP26/accent_new/audio/spn2ame/S01__phonos.wav,5.54,16000,1,870ca5e174e8d235713798e2dc523c3a72481e631d526c4783fe62926a6fe0df,SPE002,EN_HfWbNslGHCI_W000005
spn2ame_S01,S01,spn2ame,Spanish to American,seedvc,SeedVC,american,audio/spn2ame/S01__seedvc.wav,https://anonymousis23.github.io/UserStudy/PHONOS-TASLP26/accent_new/audio/spn2ame/S01__seedvc.wav,5.979138321995465,22050,1,9a3fb0c8f95af48ccbde050bcb9e8849219a8b3999192d99ca0bde3c50f83bf2,SPE002,EN_HfWbNslGHCI_W000005
spn2ame_S01,S01,spn2ame,Spanish to American,tvtsyn_reconstruction,TVTSyn Reconstruction,spanish,audio/spn2ame/S01__tvtsyn_reconstruction.wav,https://anonymousis23.github.io/UserStudy/PHONOS-TASLP26/accent_new/audio/spn2ame/S01__tvtsyn_reconstruction.wav,5.54,16000,1,63ae57ac986e1953a6319b1d01e330f7639b2f813e6a12f79b52dcabbf2d004c,SPE002,EN_HfWbNslGHCI_W000005
spn2ame_S02,S02,spn2ame,Spanish to American,original,Original,spanish,audio/spn2ame/S02__original.wav,https://anonymousis23.github.io/UserStudy/PHONOS-TASLP26/accent_new/audio/spn2ame/S02__original.wav,5.789,16000,1,61cd15ba390ac6338d35c1f358321538bb78371d0363de870f3e3b3f67686cb7,SPE005,EN_KettsRGcE68_W000016
spn2ame_S02,S02,spn2ame,Spanish to American,phonos,PHONOS,american,audio/spn2ame/S02__phonos.wav,https://anonymousis23.github.io/UserStudy/PHONOS-TASLP26/accent_new/audio/spn2ame/S02__phonos.wav,5.8,16000,1,39a0af46acdf0d854639b18a07cab79bfa66de9fe1a07ca7bfc8529cf6d05628,SPE005,EN_KettsRGcE68_W000016
spn2ame_S02,S02,spn2ame,Spanish to American,seedvc,SeedVC,american,audio/spn2ame/S02__seedvc.wav,https://anonymousis23.github.io/UserStudy/PHONOS-TASLP26/accent_new/audio/spn2ame/S02__seedvc.wav,5.758548752834467,22050,1,9938673383cd19d5730cfe4c32574677299352ceb3b528aae176257059b1c855,SPE005,EN_KettsRGcE68_W000016
spn2ame_S02,S02,spn2ame,Spanish to American,tvtsyn_reconstruction,TVTSyn Reconstruction,spanish,audio/spn2ame/S02__tvtsyn_reconstruction.wav,https://anonymousis23.github.io/UserStudy/PHONOS-TASLP26/accent_new/audio/spn2ame/S02__tvtsyn_reconstruction.wav,5.8,16000,1,aa091fcf1042508537aa976680b122810208164ba8c6b120f024dac948d2a4a8,SPE005,EN_KettsRGcE68_W000016
spn2ame_S03,S03,spn2ame,Spanish to American,original,Original,spanish,audio/spn2ame/S03__original.wav,https://anonymousis23.github.io/UserStudy/PHONOS-TASLP26/accent_new/audio/spn2ame/S03__original.wav,5.08,16000,1,50608c0248f1b5c965cff4cbfc1ab9942ef1861a2792a2776bd1c211c7a16678,SPE008,EN_pXdtaELXDkg_W000092_0001
spn2ame_S03,S03,spn2ame,Spanish to American,phonos,PHONOS,american,audio/spn2ame/S03__phonos.wav,https://anonymousis23.github.io/UserStudy/PHONOS-TASLP26/accent_new/audio/spn2ame/S03__phonos.wav,5.08,16000,1,b03887209556ee8f8c8f3cd5605a86dda6828a38ed5cbd208074ed37ee934bdb,SPE008,EN_pXdtaELXDkg_W000092_0001
spn2ame_S03,S03,spn2ame,Spanish to American,seedvc,SeedVC,american,audio/spn2ame/S03__seedvc.wav,https://anonymousis23.github.io/UserStudy/PHONOS-TASLP26/accent_new/audio/spn2ame/S03__seedvc.wav,5.224489795918367,22050,1,c7436bbc6a192d3c1bfc2fa6b17b827466eee253bf7026b0575496393434b80a,SPE008,EN_pXdtaELXDkg_W000092_0001
spn2ame_S03,S03,spn2ame,Spanish to American,tvtsyn_reconstruction,TVTSyn Reconstruction,spanish,audio/spn2ame/S03__tvtsyn_reconstruction.wav,https://anonymousis23.github.io/UserStudy/PHONOS-TASLP26/accent_new/audio/spn2ame/S03__tvtsyn_reconstruction.wav,5.08,16000,1,c86667311a17e621237b93c6249d875d3a7bad647005f098b7223fcc0907ee9f,SPE008,EN_pXdtaELXDkg_W000092_0001
spn2ame_S04,S04,spn2ame,Spanish to American,original,Original,spanish,audio/spn2ame/S04__original.wav,https://anonymousis23.github.io/UserStudy/PHONOS-TASLP26/accent_new/audio/spn2ame/S04__original.wav,8.115,16000,1,26eb5a94047390cf144256f92ec76813cdb9ab0698948c8dea86106a7a40a105,SPE011,EN_3pDr2_ksVj0_W000053
spn2ame_S04,S04,spn2ame,Spanish to American,phonos,PHONOS,american,audio/spn2ame/S04__phonos.wav,https://anonymousis23.github.io/UserStudy/PHONOS-TASLP26/accent_new/audio/spn2ame/S04__phonos.wav,8.12,16000,1,63e4536d17143f437fa0a37c2f414c2ed37123a21328c13e84d981518bc380f9,SPE011,EN_3pDr2_ksVj0_W000053
spn2ame_S04,S04,spn2ame,Spanish to American,seedvc,SeedVC,american,audio/spn2ame/S04__seedvc.wav,https://anonymousis23.github.io/UserStudy/PHONOS-TASLP26/accent_new/audio/spn2ame/S04__seedvc.wav,8.359183673469389,22050,1,9c342b756d989554a6c6d5ebfb8215f7eefb69604bf71461ede6546ff3b024d4,SPE011,EN_3pDr2_ksVj0_W000053
spn2ame_S04,S04,spn2ame,Spanish to American,tvtsyn_reconstruction,TVTSyn Reconstruction,spanish,audio/spn2ame/S04__tvtsyn_reconstruction.wav,https://anonymousis23.github.io/UserStudy/PHONOS-TASLP26/accent_new/audio/spn2ame/S04__tvtsyn_reconstruction.wav,8.12,16000,1,9d122e8016b9938e77eed1561b3b62845195df42c422cbb4a71d50996373ec30,SPE011,EN_3pDr2_ksVj0_W000053
spn2ame_S05,S05,spn2ame,Spanish to American,original,Original,spanish,audio/spn2ame/S05__original.wav,https://anonymousis23.github.io/UserStudy/PHONOS-TASLP26/accent_new/audio/spn2ame/S05__original.wav,6.028,16000,1,088176adbdb9117adfa4a79550c84422735ad7ad04e6a1910f1cfaaef5ac1e81,SPE018,EN_-wK9F2th9T0_W000069
spn2ame_S05,S05,spn2ame,Spanish to American,phonos,PHONOS,american,audio/spn2ame/S05__phonos.wav,https://anonymousis23.github.io/UserStudy/PHONOS-TASLP26/accent_new/audio/spn2ame/S05__phonos.wav,6.04,16000,1,510bd972b28766be3d254c34e054ad0e39e5333114fb25e8dca7787b84d8e545,SPE018,EN_-wK9F2th9T0_W000069
spn2ame_S05,S05,spn2ame,Spanish to American,seedvc,SeedVC,american,audio/spn2ame/S05__seedvc.wav,https://anonymousis23.github.io/UserStudy/PHONOS-TASLP26/accent_new/audio/spn2ame/S05__seedvc.wav,6.315827664399093,22050,1,242b261cbe9ea955cf3c8c65575b69cdc698c1aa85459986f1bc8c0bf42d484b,SPE018,EN_-wK9F2th9T0_W000069
spn2ame_S05,S05,spn2ame,Spanish to American,tvtsyn_reconstruction,TVTSyn Reconstruction,spanish,audio/spn2ame/S05__tvtsyn_reconstruction.wav,https://anonymousis23.github.io/UserStudy/PHONOS-TASLP26/accent_new/audio/spn2ame/S05__tvtsyn_reconstruction.wav,6.04,16000,1,43495a025abcf9e7971ca7b6217673f8d149777702531b1b7c26824414d1a6e3,SPE018,EN_-wK9F2th9T0_W000069
spn2ame_S06,S06,spn2ame,Spanish to American,original,Original,spanish,audio/spn2ame/S06__original.wav,https://anonymousis23.github.io/UserStudy/PHONOS-TASLP26/accent_new/audio/spn2ame/S06__original.wav,5.3,16000,1,9298164489ef04e6a020ed5877d67c2ffa744d0b4c87867ba60736495a4ecad2,SPE017,EN_7vGQLMaLmcQ_W000001_0001
spn2ame_S06,S06,spn2ame,Spanish to American,phonos,PHONOS,american,audio/spn2ame/S06__phonos.wav,https://anonymousis23.github.io/UserStudy/PHONOS-TASLP26/accent_new/audio/spn2ame/S06__phonos.wav,5.3,16000,1,9e60c522be4622bdfc092c9f1540fea74691cee40f1f2e1910ba6cb8290e1fcf,SPE017,EN_7vGQLMaLmcQ_W000001_0001
spn2ame_S06,S06,spn2ame,Spanish to American,seedvc,SeedVC,american,audio/spn2ame/S06__seedvc.wav,https://anonymousis23.github.io/UserStudy/PHONOS-TASLP26/accent_new/audio/spn2ame/S06__seedvc.wav,5.630839002267574,22050,1,14cdef243056ea289820586fcc12f7b1ab67367b46c7981a73892bf7ec3f75d0,SPE017,EN_7vGQLMaLmcQ_W000001_0001
spn2ame_S06,S06,spn2ame,Spanish to American,tvtsyn_reconstruction,TVTSyn Reconstruction,spanish,audio/spn2ame/S06__tvtsyn_reconstruction.wav,https://anonymousis23.github.io/UserStudy/PHONOS-TASLP26/accent_new/audio/spn2ame/S06__tvtsyn_reconstruction.wav,5.3,16000,1,4e8c414b4c8b3eb8067161f93fc34a0f104de77c5b496b5c318363d254be0449,SPE017,EN_7vGQLMaLmcQ_W000001_0001
spn2ame_S07,S07,spn2ame,Spanish to American,original,Original,spanish,audio/spn2ame/S07__original.wav,https://anonymousis23.github.io/UserStudy/PHONOS-TASLP26/accent_new/audio/spn2ame/S07__original.wav,8.896,16000,1,0fcae2342a19c2e2e034b0ef5199c2f52dc803512d488da620a0b77da9b9fcce,SPE026,EN_5JMgvROwUW8_W000121
spn2ame_S07,S07,spn2ame,Spanish to American,phonos,PHONOS,american,audio/spn2ame/S07__phonos.wav,https://anonymousis23.github.io/UserStudy/PHONOS-TASLP26/accent_new/audio/spn2ame/S07__phonos.wav,8.9,16000,1,1d768bb5d8b6217e868c8de1e8adbba772de81f04a457d77fdfa0580e9b427f9,SPE026,EN_5JMgvROwUW8_W000121
spn2ame_S07,S07,spn2ame,Spanish to American,seedvc,SeedVC,american,audio/spn2ame/S07__seedvc.wav,https://anonymousis23.github.io/UserStudy/PHONOS-TASLP26/accent_new/audio/spn2ame/S07__seedvc.wav,9.729160997732427,22050,1,750ab12fe0ce8678349757059fb6a568a0705554114fa64fc273c871eb269802,SPE026,EN_5JMgvROwUW8_W000121
spn2ame_S07,S07,spn2ame,Spanish to American,tvtsyn_reconstruction,TVTSyn Reconstruction,spanish,audio/spn2ame/S07__tvtsyn_reconstruction.wav,https://anonymousis23.github.io/UserStudy/PHONOS-TASLP26/accent_new/audio/spn2ame/S07__tvtsyn_reconstruction.wav,8.9,16000,1,b8ae4fe859d7d2c97a057f4300bb7aedae154484c5314c4dccbea04282483395,SPE026,EN_5JMgvROwUW8_W000121
spn2ame_S08,S08,spn2ame,Spanish to American,original,Original,spanish,audio/spn2ame/S08__original.wav,https://anonymousis23.github.io/UserStudy/PHONOS-TASLP26/accent_new/audio/spn2ame/S08__original.wav,6.716,16000,1,dc206d95515c08dc5fa16e8bae20afdfe380078bbf434ff52822de144d93affe,SPE058,EN_8oMYmbRdCog_W000005
spn2ame_S08,S08,spn2ame,Spanish to American,phonos,PHONOS,american,audio/spn2ame/S08__phonos.wav,https://anonymousis23.github.io/UserStudy/PHONOS-TASLP26/accent_new/audio/spn2ame/S08__phonos.wav,6.72,16000,1,5bb09c17762836e49ca94b14885fc1b7803cc8810ef0e635b636ab01dccb8648,SPE058,EN_8oMYmbRdCog_W000005
spn2ame_S08,S08,spn2ame,Spanish to American,seedvc,SeedVC,american,audio/spn2ame/S08__seedvc.wav,https://anonymousis23.github.io/UserStudy/PHONOS-TASLP26/accent_new/audio/spn2ame/S08__seedvc.wav,7.082086167800454,22050,1,81dab1ebe17f78a2374008be939d170ef43a3733141a28766a918b16020cbdfb,SPE058,EN_8oMYmbRdCog_W000005
spn2ame_S08,S08,spn2ame,Spanish to American,tvtsyn_reconstruction,TVTSyn Reconstruction,spanish,audio/spn2ame/S08__tvtsyn_reconstruction.wav,https://anonymousis23.github.io/UserStudy/PHONOS-TASLP26/accent_new/audio/spn2ame/S08__tvtsyn_reconstruction.wav,6.72,16000,1,dbc3e9741ca1fa9989bae4c17c4b1e9a84e9686bbcce8d3051c815a940b79b7e,SPE058,EN_8oMYmbRdCog_W000005
spn2ame_S09,S09,spn2ame,Spanish to American,original,Original,spanish,audio/spn2ame/S09__original.wav,https://anonymousis23.github.io/UserStudy/PHONOS-TASLP26/accent_new/audio/spn2ame/S09__original.wav,5.739,16000,1,87ccdd3ce53ef1f8b2a676a0506563e3792a036c4b27c14eede57414c160c599,SPE056,EN_xHHTlxYqRs4_W000012
spn2ame_S09,S09,spn2ame,Spanish to American,phonos,PHONOS,american,audio/spn2ame/S09__phonos.wav,https://anonymousis23.github.io/UserStudy/PHONOS-TASLP26/accent_new/audio/spn2ame/S09__phonos.wav,5.74,16000,1,6d4d2bd96197f2d3528f850d4ba9e6f3e86066f1f344822790cfcf11acb00088,SPE056,EN_xHHTlxYqRs4_W000012
spn2ame_S09,S09,spn2ame,Spanish to American,seedvc,SeedVC,american,audio/spn2ame/S09__seedvc.wav,https://anonymousis23.github.io/UserStudy/PHONOS-TASLP26/accent_new/audio/spn2ame/S09__seedvc.wav,6.431927437641724,22050,1,f6820b9e4446672565ebe464a8ce5a7e350812eb729838bee8b99d55b61b5310,SPE056,EN_xHHTlxYqRs4_W000012
spn2ame_S09,S09,spn2ame,Spanish to American,tvtsyn_reconstruction,TVTSyn Reconstruction,spanish,audio/spn2ame/S09__tvtsyn_reconstruction.wav,https://anonymousis23.github.io/UserStudy/PHONOS-TASLP26/accent_new/audio/spn2ame/S09__tvtsyn_reconstruction.wav,5.74,16000,1,0ed45976f8c5e084ca6598385d56fba854d20c062a23eebaea41413e0d0c6c7b,SPE056,EN_xHHTlxYqRs4_W000012
spn2ame_S10,S10,spn2ame,Spanish to American,original,Original,spanish,audio/spn2ame/S10__original.wav,https://anonymousis23.github.io/UserStudy/PHONOS-TASLP26/accent_new/audio/spn2ame/S10__original.wav,7.437,16000,1,60f43e71d541c3c17f3ea576ceab503d76dce7f83d48a1ea826d5887b387a932,SPE055,EN_QtFiwXxCSjy_W000011
spn2ame_S10,S10,spn2ame,Spanish to American,phonos,PHONOS,american,audio/spn2ame/S10__phonos.wav,https://anonymousis23.github.io/UserStudy/PHONOS-TASLP26/accent_new/audio/spn2ame/S10__phonos.wav,7.44,16000,1,07eac834a4949d0e6c8d76aa18a345586af0b117f9f90b536ab65c99ee37d9af,SPE055,EN_QtFiwXxCSjy_W000011
spn2ame_S10,S10,spn2ame,Spanish to American,seedvc,SeedVC,american,audio/spn2ame/S10__seedvc.wav,https://anonymousis23.github.io/UserStudy/PHONOS-TASLP26/accent_new/audio/spn2ame/S10__seedvc.wav,7.883174603174603,22050,1,3f9264676827029f787ec34ed0be9a7cdcc8d252bb48ed050d19dcb981664956,SPE055,EN_QtFiwXxCSjy_W000011
spn2ame_S10,S10,spn2ame,Spanish to American,tvtsyn_reconstruction,TVTSyn Reconstruction,spanish,audio/spn2ame/S10__tvtsyn_reconstruction.wav,https://anonymousis23.github.io/UserStudy/PHONOS-TASLP26/accent_new/audio/spn2ame/S10__tvtsyn_reconstruction.wav,7.44,16000,1,149613e2530da8b47b123e3946aa21b620743150843cf88b3b8427e5ebb56c38,SPE055,EN_QtFiwXxCSjy_W000011
