condition,condition_label,source_index,audio,qid,display_index,page,cooldown_block,audio_filename,selected_source_path,selected_item_id,selected_method,selected_direction,selected_source_accent,selected_target_accent,selected_source_speaker_id,selected_utterance_id,selected_target_ref_id,selected_phonos_run,selected_accent_pred_label,selected_expected_tgt_label,selected_recall_tgt_hit,selected_nisqa_mos
seedvc,SeedVC,1,audio/seedvc_01.wav,Q001,1,1,1,seedvc_01.wav,/data/waris/code/PHONOSv2/evaluation/generated_samples/seedvc/full/ind2ame/CLB/S_021581/00305055_000040.v2.vad.wav,seedvc::ind2ame::CLB::S_021581::00305055_000040.v2.vad,seedvc,ind2ame,ind,ame,S_021581,00305055_000040.v2.vad,CLB,,,,,
TVTSyn,TVTSyn,1,audio/TVTSyn_01.wav,Q002,2,1,1,TVTSyn_01.wav,/data/waris/code/PHONOSv2/evaluation/generated_samples/tvtsyn_reconstruction/full/spanish/EN_0ud8sXUN7XU_SPEAKER_21/EN_0ud8sXUN7XU_W000445.wav,tvtsyn::spanish::EN_0ud8sXUN7XU_SPEAKER_21::EN_0ud8sXUN7XU_W000445,TVTSyn,reconstruction,spanish,spanish,EN_0ud8sXUN7XU_SPEAKER_21,EN_0ud8sXUN7XU_W000445,,,,,,
seedvc,SeedVC,2,audio/seedvc_02.wav,Q003,3,1,1,seedvc_02.wav,/data/waris/code/PHONOSv2/evaluation/generated_samples/seedvc/full/ind2ame/RMS/S_015231/00355964_000016.v2.vad.wav,seedvc::ind2ame::RMS::S_015231::00355964_000016.v2.vad,seedvc,ind2ame,ind,ame,S_015231,00355964_000016.v2.vad,RMS,,,,,
TVTSyn,TVTSyn,2,audio/TVTSyn_02.wav,Q004,4,1,1,TVTSyn_02.wav,/data/waris/code/PHONOSv2/evaluation/generated_samples/tvtsyn_reconstruction/full/indian/S_006449/00386869_000313.v2.vad.wav,tvtsyn::indian::S_006449::00386869_000313.v2.vad,TVTSyn,reconstruction,indian,indian,S_006449,00386869_000313.v2.vad,,,,,,
original,Original speech,1,audio/original_01.wav,Q005,5,1,1,original_01.wav,/data/waris/code/PHONOSv2/evaluation/final/indian/S_006248/wav/00340129_000141.v2.vad.wav,gt::indian::00340129_000141.v2.vad,original,reference,indian,indian,S_006248,00340129_000141.v2.vad,,,,,,
PHONOS,PHONOS,1,audio/PHONOS_01.wav,Q006,6,2,1,PHONOS_01.wav,/data/waris/code/PHONOSv2/evaluation/generated_samples/phonos/full_r1/ind2ame/SLT/S_003270/00399218_000000.v2.vad.wav,phonos::ind2ame::SLT::00399218_000000.v2.vad,PHONOS,ind2ame,indian,american,S_003270,00399218_000000.v2.vad,SLT,full_r1,north_american,north_american,1,4.917329
PHONOS,PHONOS,2,audio/PHONOS_02.wav,Q007,7,2,1,PHONOS_02.wav,/data/waris/code/PHONOSv2/evaluation/generated_samples/phonos/full_r1/spn2ame/SLT/EN_1w05IHEUhAM_SPEAKER_04/EN_1w05IHEUhAM_W000288_0003.wav,phonos::spn2ame::SLT::EN_1w05IHEUhAM_W000288_0003,PHONOS,spn2ame,spanish,american,EN_1w05IHEUhAM_SPEAKER_04,EN_1w05IHEUhAM_W000288_0003,SLT,full_r1,north_american,north_american,1,4.925337
original,Original speech,2,audio/original_02.wav,Q008,8,2,1,original_02.wav,/data/waris/code/PHONOSv2/evaluation/final/indian/S_021705/wav/00081956_000008.v2.vad.wav,gt::indian::00081956_000008.v2.vad,original,reference,indian,indian,S_021705,00081956_000008.v2.vad,,,,,,
TVTSyn,TVTSyn,3,audio/TVTSyn_03.wav,Q009,9,2,1,TVTSyn_03.wav,/data/waris/code/PHONOSv2/evaluation/generated_samples/tvtsyn_reconstruction/full/american/1462/1462-170145-0004.wav,tvtsyn::american::1462::1462-170145-0004,TVTSyn,reconstruction,american,american,1462,1462-170145-0004,,,,,,
seedvc,SeedVC,3,audio/seedvc_03.wav,Q010,10,2,1,seedvc_03.wav,/data/waris/code/PHONOSv2/evaluation/generated_samples/seedvc/full/ind2ame/SLT/S_004723/00001848_000003.v2.vad.wav,seedvc::ind2ame::SLT::S_004723::00001848_000003.v2.vad,seedvc,ind2ame,ind,ame,S_004723,00001848_000003.v2.vad,SLT,,,,,
TVTSyn,TVTSyn,4,audio/TVTSyn_04.wav,Q011,11,3,1,TVTSyn_04.wav,/data/waris/code/PHONOSv2/evaluation/generated_samples/tvtsyn_reconstruction/full/british/m_03034/som_03034_00031080850.wav,tvtsyn::british::m_03034::som_03034_00031080850,TVTSyn,reconstruction,british,british,m_03034,som_03034_00031080850,,,,,,
seedvc,SeedVC,4,audio/seedvc_04.wav,Q012,12,3,1,seedvc_04.wav,/data/waris/code/PHONOSv2/evaluation/generated_samples/seedvc/full/ind2ame/CLB/S_023511/00019639_000118.v2.vad.wav,seedvc::ind2ame::CLB::S_023511::00019639_000118.v2.vad,seedvc,ind2ame,ind,ame,S_023511,00019639_000118.v2.vad,CLB,,,,,
PHONOS,PHONOS,3,audio/PHONOS_03.wav,Q013,13,3,1,PHONOS_03.wav,/data/waris/code/PHONOSv2/evaluation/generated_samples/phonos/full_r1/bri2ame/SLT/m_06592/som_06592_01558846194.wav,phonos::bri2ame::SLT::som_06592_01558846194,PHONOS,bri2ame,british,american,m_06592,som_06592_01558846194,SLT,full_r1,north_american,north_american,1,4.952276
PHONOS,PHONOS,4,audio/PHONOS_04.wav,Q014,14,3,1,PHONOS_04.wav,/data/waris/code/PHONOSv2/evaluation/generated_samples/phonos/full/ind2ame/SLT/S_021107/00161302_000029.v2.vad.wav,phonos::ind2ame::SLT::00161302_000029.v2.vad,PHONOS,ind2ame,indian,american,S_021107,00161302_000029.v2.vad,SLT,full,north_american,north_american,1,4.9682374
original,Original speech,3,audio/original_03.wav,Q015,15,3,1,original_03.wav,/data/waris/code/PHONOSv2/evaluation/final/indian/S_003669/wav/00304966_000025.v2.vad.wav,gt::indian::00304966_000025.v2.vad,original,reference,indian,indian,S_003669,00304966_000025.v2.vad,,,,,,
TVTSyn,TVTSyn,5,audio/TVTSyn_05.wav,Q016,16,4,2,TVTSyn_05.wav,/data/waris/code/PHONOSv2/evaluation/generated_samples/tvtsyn_reconstruction/full/british/m_07508/som_07508_00863530164.wav,tvtsyn::british::m_07508::som_07508_00863530164,TVTSyn,reconstruction,british,british,m_07508,som_07508_00863530164,,,,,,
PHONOS,PHONOS,5,audio/PHONOS_05.wav,Q017,17,4,2,PHONOS_05.wav,/data/waris/code/PHONOSv2/evaluation/generated_samples/phonos/full/ind2ame/SLT/S_002906/00337562_000049.v2.vad.wav,phonos::ind2ame::SLT::00337562_000049.v2.vad,PHONOS,ind2ame,indian,american,S_002906,00337562_000049.v2.vad,SLT,full,north_american,north_american,1,4.8985343
PHONOS,PHONOS,6,audio/PHONOS_06.wav,Q018,18,4,2,PHONOS_06.wav,/data/waris/code/PHONOSv2/evaluation/generated_samples/phonos/full/ind2ame/SLT/S_003823/00022526_000019.v2.vad.wav,phonos::ind2ame::SLT::00022526_000019.v2.vad,PHONOS,ind2ame,indian,american,S_003823,00022526_000019.v2.vad,SLT,full,north_american,north_american,1,4.8981457
TVTSyn,TVTSyn,6,audio/TVTSyn_06.wav,Q019,19,4,2,TVTSyn_06.wav,/data/waris/code/PHONOSv2/evaluation/generated_samples/tvtsyn_reconstruction/full/spanish/Portuguese_G00663/G00663S5453.wav,tvtsyn::spanish::Portuguese_G00663::G00663S5453,TVTSyn,reconstruction,spanish,spanish,Portuguese_G00663,G00663S5453,,,,,,
original,Original speech,4,audio/original_04.wav,Q020,20,4,2,original_04.wav,/data/waris/code/PHONOSv2/evaluation/final/american/7729/wav/7729-102255-0044.wav,gt::american::7729-102255-0044,original,reference,american,american,7729,7729-102255-0044,,,,,,
seedvc,SeedVC,5,audio/seedvc_05.wav,Q021,21,5,2,seedvc_05.wav,/data/waris/code/PHONOSv2/evaluation/generated_samples/seedvc/full/ame2spn/MBMPS/2803/2803-154320-0007.wav,seedvc::ame2spn::MBMPS::2803::2803-154320-0007,seedvc,ame2spn,ame,spn,2803,2803-154320-0007,MBMPS,,,,,
TVTSyn,TVTSyn,7,audio/TVTSyn_07.wav,Q022,22,5,2,TVTSyn_07.wav,/data/waris/code/PHONOSv2/evaluation/generated_samples/tvtsyn_reconstruction/full/indian/S_019526/00124766_000024.v2.vad.wav,tvtsyn::indian::S_019526::00124766_000024.v2.vad,TVTSyn,reconstruction,indian,indian,S_019526,00124766_000024.v2.vad,,,,,,
original,Original speech,5,audio/original_05.wav,Q023,23,5,2,original_05.wav,/data/waris/code/PHONOSv2/evaluation/final/indian/S_008077/wav/00004865_000006.v2.vad.wav,gt::indian::00004865_000006.v2.vad,original,reference,indian,indian,S_008077,00004865_000006.v2.vad,,,,,,
PHONOS,PHONOS,7,audio/PHONOS_07.wav,Q024,24,5,2,PHONOS_07.wav,/data/waris/code/PHONOSv2/evaluation/generated_samples/phonos/full/ame2bri/slr83_southern_female_sof_04415/2428/2428-83699-0031.wav,phonos::ame2bri::slr83_southern_female_sof_04415::2428-83699-0031,PHONOS,ame2bri,american,british,2428,2428-83699-0031,slr83_southern_female_sof_04415,full,british_isles,british_isles,1,4.9424243
seedvc,SeedVC,6,audio/seedvc_06.wav,Q025,25,5,2,seedvc_06.wav,/data/waris/code/PHONOSv2/evaluation/generated_samples/seedvc/full/ame2bri/slr83_southern_female_sof_03397/121/121-121726-0000.wav,seedvc::ame2bri::slr83_southern_female_sof_03397::121::121-121726-0000,seedvc,ame2bri,ame,bri,121,121-121726-0000,slr83_southern_female_sof_03397,,,,,
PHONOS,PHONOS,8,audio/PHONOS_08.wav,Q026,26,6,2,PHONOS_08.wav,/data/waris/code/PHONOSv2/evaluation/generated_samples/phonos/full_r1/ind2ame/SLT/S_009220/00365053_000025.v2.vad.wav,phonos::ind2ame::SLT::00365053_000025.v2.vad,PHONOS,ind2ame,indian,american,S_009220,00365053_000025.v2.vad,SLT,full_r1,north_american,north_american,1,4.9102416
seedvc,SeedVC,7,audio/seedvc_07.wav,Q027,27,6,2,seedvc_07.wav,/data/waris/code/PHONOSv2/evaluation/generated_samples/seedvc/full/ame2spn/NJS/1284/1284-1180-0025.wav,seedvc::ame2spn::NJS::1284::1284-1180-0025,seedvc,ame2spn,ame,spn,1284,1284-1180-0025,NJS,,,,,
TVTSyn,TVTSyn,8,audio/TVTSyn_08.wav,Q028,28,6,2,TVTSyn_08.wav,/data/waris/code/PHONOSv2/evaluation/generated_samples/tvtsyn_reconstruction/full/spanish/EN_esEl7EWvNUE_SPEAKER_00/EN_esEl7EWvNUE_W000082.wav,tvtsyn::spanish::EN_esEl7EWvNUE_SPEAKER_00::EN_esEl7EWvNUE_W000082,TVTSyn,reconstruction,spanish,spanish,EN_esEl7EWvNUE_SPEAKER_00,EN_esEl7EWvNUE_W000082,,,,,,
seedvc,SeedVC,8,audio/seedvc_08.wav,Q029,29,6,2,seedvc_08.wav,/data/waris/code/PHONOSv2/evaluation/generated_samples/seedvc/full/bri2ame/RMS/m_09334/som_09334_00578129209.wav,seedvc::bri2ame::RMS::m_09334::som_09334_00578129209,seedvc,bri2ame,bri,ame,m_09334,som_09334_00578129209,RMS,,,,,
PHONOS,PHONOS,9,audio/PHONOS_09.wav,Q030,30,6,2,PHONOS_09.wav,/data/waris/code/PHONOSv2/evaluation/generated_samples/phonos/full/ind2ame/SLT/S_015647/00323141_000021.v2.vad.wav,phonos::ind2ame::SLT::00323141_000021.v2.vad,PHONOS,ind2ame,indian,american,S_015647,00323141_000021.v2.vad,SLT,full,north_american,north_american,1,4.899768
TVTSyn,TVTSyn,9,audio/TVTSyn_09.wav,Q031,31,7,3,TVTSyn_09.wav,/data/waris/code/PHONOSv2/evaluation/generated_samples/tvtsyn_reconstruction/full/spanish/EN_xHHTlxYqRs4_SPEAKER_00/EN_xHHTlxYqRs4_W000024.wav,tvtsyn::spanish::EN_xHHTlxYqRs4_SPEAKER_00::EN_xHHTlxYqRs4_W000024,TVTSyn,reconstruction,spanish,spanish,EN_xHHTlxYqRs4_SPEAKER_00,EN_xHHTlxYqRs4_W000024,,,,,,
original,Original speech,6,audio/original_06.wav,Q032,32,7,3,original_06.wav,/data/waris/code/PHONOSv2/evaluation/final/american/3000/wav/3000-15664-0003.wav,gt::american::3000-15664-0003,original,reference,american,american,3000,3000-15664-0003,,,,,,
seedvc,SeedVC,9,audio/seedvc_09.wav,Q033,33,7,3,seedvc_09.wav,/data/waris/code/PHONOSv2/evaluation/generated_samples/seedvc/full/ame2spn/NJS/1320/1320-122617-0028.wav,seedvc::ame2spn::NJS::1320::1320-122617-0028,seedvc,ame2spn,ame,spn,1320,1320-122617-0028,NJS,,,,,
original,Original speech,7,audio/original_07.wav,Q034,34,7,3,original_07.wav,/data/waris/code/PHONOSv2/evaluation/final/spanish/EN_K-AjGFxKPgk_SPEAKER_00/wav/EN_K-AjGFxKPgk_W000013_0000.wav,gt::spanish::EN_K-AjGFxKPgk_W000013_0000,original,reference,spanish,spanish,EN_K-AjGFxKPgk_SPEAKER_00,EN_K-AjGFxKPgk_W000013_0000,,,,,,
seedvc,SeedVC,10,audio/seedvc_10.wav,Q035,35,7,3,seedvc_10.wav,/data/waris/code/PHONOSv2/evaluation/generated_samples/seedvc/full/ame2bri/slr83_southern_female_sof_04415/672/672-122797-0066.wav,seedvc::ame2bri::slr83_southern_female_sof_04415::672::672-122797-0066,seedvc,ame2bri,ame,bri,672,672-122797-0066,slr83_southern_female_sof_04415,,,,,
original,Original speech,8,audio/original_08.wav,Q036,36,8,3,original_08.wav,/data/waris/code/PHONOSv2/evaluation/final/american/2035/wav/2035-152373-0013.wav,gt::american::2035-152373-0013,original,reference,american,american,2035,2035-152373-0013,,,,,,
original,Original speech,9,audio/original_09.wav,Q037,37,8,3,original_09.wav,/data/waris/code/PHONOSv2/evaluation/final/american/1919/wav/1919-142785-0013.wav,gt::american::1919-142785-0013,original,reference,american,american,1919,1919-142785-0013,,,,,,
TVTSyn,TVTSyn,10,audio/TVTSyn_10.wav,Q038,38,8,3,TVTSyn_10.wav,/data/waris/code/PHONOSv2/evaluation/generated_samples/tvtsyn_reconstruction/full/spanish/EN_mKztA94WeYA_SPEAKER_00/EN_mKztA94WeYA_W000019.wav,tvtsyn::spanish::EN_mKztA94WeYA_SPEAKER_00::EN_mKztA94WeYA_W000019,TVTSyn,reconstruction,spanish,spanish,EN_mKztA94WeYA_SPEAKER_00,EN_mKztA94WeYA_W000019,,,,,,
seedvc,SeedVC,11,audio/seedvc_11.wav,Q039,39,8,3,seedvc_11.wav,/data/waris/code/PHONOSv2/evaluation/generated_samples/seedvc/full/ame2bri/slr83_southern_female_sof_04415/7176/7176-92135-0022.wav,seedvc::ame2bri::slr83_southern_female_sof_04415::7176::7176-92135-0022,seedvc,ame2bri,ame,bri,7176,7176-92135-0022,slr83_southern_female_sof_04415,,,,,
TVTSyn,TVTSyn,11,audio/TVTSyn_11.wav,Q040,40,8,3,TVTSyn_11.wav,/data/waris/code/PHONOSv2/evaluation/generated_samples/tvtsyn_reconstruction/full/british/f_06136/sof_06136_02138974544.wav,tvtsyn::british::f_06136::sof_06136_02138974544,TVTSyn,reconstruction,british,british,f_06136,sof_06136_02138974544,,,,,,
TVTSyn,TVTSyn,12,audio/TVTSyn_12.wav,Q041,41,9,3,TVTSyn_12.wav,/data/waris/code/PHONOSv2/evaluation/generated_samples/tvtsyn_reconstruction/full/american/84/84-121123-0022.wav,tvtsyn::american::84::84-121123-0022,TVTSyn,reconstruction,american,american,84,84-121123-0022,,,,,,
PHONOS,PHONOS,10,audio/PHONOS_10.wav,Q042,42,9,3,PHONOS_10.wav,/data/waris/code/PHONOSv2/evaluation/generated_samples/phonos/full_r1/ame2bri/slr83_southern_female_sof_03397/1462/1462-170142-0034.wav,phonos::ame2bri::slr83_southern_female_sof_03397::1462-170142-0034,PHONOS,ame2bri,american,british,1462,1462-170142-0034,slr83_southern_female_sof_03397,full_r1,british_isles,british_isles,1,5.0630436
seedvc,SeedVC,12,audio/seedvc_12.wav,Q043,43,9,3,seedvc_12.wav,/data/waris/code/PHONOSv2/evaluation/generated_samples/seedvc/full/spn2ame/RMS/EN_tryCdbxPJqc_SPEAKER_05/EN_tryCdbxPJqc_W000179_0002.wav,seedvc::spn2ame::RMS::EN_tryCdbxPJqc_SPEAKER_05::EN_tryCdbxPJqc_W000179_0002,seedvc,spn2ame,spn,ame,EN_tryCdbxPJqc_SPEAKER_05,EN_tryCdbxPJqc_W000179_0002,RMS,,,,,
PHONOS,PHONOS,11,audio/PHONOS_11.wav,Q044,44,9,3,PHONOS_11.wav,/data/waris/code/PHONOSv2/evaluation/generated_samples/phonos/full/ame2bri/slr83_southern_female_sof_03397/8297/8297-275155-0023.wav,phonos::ame2bri::slr83_southern_female_sof_03397::8297-275155-0023,PHONOS,ame2bri,american,british,8297,8297-275155-0023,slr83_southern_female_sof_03397,full,british_isles,british_isles,1,5.0155015
TVTSyn,TVTSyn,13,audio/TVTSyn_13.wav,Q045,45,9,3,TVTSyn_13.wav,/data/waris/code/PHONOSv2/evaluation/generated_samples/tvtsyn_reconstruction/full/indian/S_020701/00275362_000029.v2.vad.wav,tvtsyn::indian::S_020701::00275362_000029.v2.vad,TVTSyn,reconstruction,indian,indian,S_020701,00275362_000029.v2.vad,,,,,,
original,Original speech,10,audio/original_10.wav,Q046,46,10,4,original_10.wav,/data/waris/code/PHONOSv2/evaluation/final/british/f_07060/wav/sof_07060_01152146696.wav,gt::british::sof_07060_01152146696,original,reference,british,british,f_07060,sof_07060_01152146696,,,,,,
TVTSyn,TVTSyn,14,audio/TVTSyn_14.wav,Q047,47,10,4,TVTSyn_14.wav,/data/waris/code/PHONOSv2/evaluation/generated_samples/tvtsyn_reconstruction/full/british/m_07508/som_07508_00738099498.wav,tvtsyn::british::m_07508::som_07508_00738099498,TVTSyn,reconstruction,british,british,m_07508,som_07508_00738099498,,,,,,
TVTSyn,TVTSyn,15,audio/TVTSyn_15.wav,Q048,48,10,4,TVTSyn_15.wav,/data/waris/code/PHONOSv2/evaluation/generated_samples/tvtsyn_reconstruction/full/british/f_03349/sof_03349_00636214660.wav,tvtsyn::british::f_03349::sof_03349_00636214660,TVTSyn,reconstruction,british,british,f_03349,sof_03349_00636214660,,,,,,
PHONOS,PHONOS,12,audio/PHONOS_12.wav,Q049,49,10,4,PHONOS_12.wav,/data/waris/code/PHONOSv2/evaluation/generated_samples/phonos/full/ind2ame/SLT/S_010668/00289362_000138.v2.vad.wav,phonos::ind2ame::SLT::00289362_000138.v2.vad,PHONOS,ind2ame,indian,american,S_010668,00289362_000138.v2.vad,SLT,full,north_american,north_american,1,4.936552
original,Original speech,11,audio/original_11.wav,Q050,50,10,4,original_11.wav,/data/waris/code/PHONOSv2/evaluation/final/american/2035/wav/2035-152373-0008.wav,gt::american::2035-152373-0008,original,reference,american,american,2035,2035-152373-0008,,,,,,
original,Original speech,12,audio/original_12.wav,Q051,51,11,4,original_12.wav,/data/waris/code/PHONOSv2/evaluation/final/spanish/EN_KettsRGcE68_SPEAKER_00/wav/EN_KettsRGcE68_W000021.wav,gt::spanish::EN_KettsRGcE68_W000021,original,reference,spanish,spanish,EN_KettsRGcE68_SPEAKER_00,EN_KettsRGcE68_W000021,,,,,,
seedvc,SeedVC,13,audio/seedvc_13.wav,Q052,52,11,4,seedvc_13.wav,/data/waris/code/PHONOSv2/evaluation/generated_samples/seedvc/full/ame2spn/ERMS/4970/4970-29095-0019.wav,seedvc::ame2spn::ERMS::4970::4970-29095-0019,seedvc,ame2spn,ame,spn,4970,4970-29095-0019,ERMS,,,,,
original,Original speech,13,audio/original_13.wav,Q053,53,11,4,original_13.wav,/data/waris/code/PHONOSv2/evaluation/final/indian/S_021581/wav/00305118_000073.v2.vad.wav,gt::indian::00305118_000073.v2.vad,original,reference,indian,indian,S_021581,00305118_000073.v2.vad,,,,,,
original,Original speech,14,audio/original_14.wav,Q054,54,11,4,original_14.wav,/data/waris/code/PHONOSv2/evaluation/final/spanish/EDACC-C27-B/wav/EDACC-C27-74.wav,gt::spanish::EDACC-C27-74,original,reference,spanish,spanish,EDACC-C27-B,EDACC-C27-74,,,,,,
PHONOS,PHONOS,13,audio/PHONOS_13.wav,Q055,55,11,4,PHONOS_13.wav,/data/waris/code/PHONOSv2/evaluation/generated_samples/phonos/full/ame2bri/slr83_southern_female_sof_03397/7976/7976-105575-0017.wav,phonos::ame2bri::slr83_southern_female_sof_03397::7976-105575-0017,PHONOS,ame2bri,american,british,7976,7976-105575-0017,slr83_southern_female_sof_03397,full,british_isles,british_isles,1,4.9993615
seedvc,SeedVC,14,audio/seedvc_14.wav,Q056,56,12,4,seedvc_14.wav,/data/waris/code/PHONOSv2/evaluation/generated_samples/seedvc/full/bri2ame/BDL/m_07508/som_07508_02122474951.wav,seedvc::bri2ame::BDL::m_07508::som_07508_02122474951,seedvc,bri2ame,bri,ame,m_07508,som_07508_02122474951,BDL,,,,,
original,Original speech,15,audio/original_15.wav,Q057,57,12,4,original_15.wav,/data/waris/code/PHONOSv2/evaluation/final/spanish/Portuguese_G00663/wav/G00663S2378.wav,gt::spanish::G00663S2378,original,reference,spanish,spanish,Portuguese_G00663,G00663S2378,,,,,,
seedvc,SeedVC,15,audio/seedvc_15.wav,Q058,58,12,4,seedvc_15.wav,/data/waris/code/PHONOSv2/evaluation/generated_samples/seedvc/full/spn2ame/SLT/EN_1w05IHEUhAM_SPEAKER_04/EN_1w05IHEUhAM_W000288_0002.wav,seedvc::spn2ame::SLT::EN_1w05IHEUhAM_SPEAKER_04::EN_1w05IHEUhAM_W000288_0002,seedvc,spn2ame,spn,ame,EN_1w05IHEUhAM_SPEAKER_04,EN_1w05IHEUhAM_W000288_0002,SLT,,,,,
PHONOS,PHONOS,14,audio/PHONOS_14.wav,Q059,59,12,4,PHONOS_14.wav,/data/waris/code/PHONOSv2/evaluation/generated_samples/phonos/full/ind2ame/SLT/S_017753/00326797_000007.v2.vad.wav,phonos::ind2ame::SLT::00326797_000007.v2.vad,PHONOS,ind2ame,indian,american,S_017753,00326797_000007.v2.vad,SLT,full,north_american,north_american,1,4.8984985
PHONOS,PHONOS,15,audio/PHONOS_15.wav,Q060,60,12,4,PHONOS_15.wav,/data/waris/code/PHONOSv2/evaluation/generated_samples/phonos/full_r1/ame2bri/slr83_southern_female_sof_03397/3752/3752-4943-0016.wav,phonos::ame2bri::slr83_southern_female_sof_03397::3752-4943-0016,PHONOS,ame2bri,american,british,3752,3752-4943-0016,slr83_southern_female_sof_03397,full_r1,british_isles,british_isles,1,4.955863
